"id","ISO3","Country","Year","Value","traj_class"
1,116,116,1,-1.194635997,2
1,116,116,2,-0.315425828,2
1,116,116,3,0.939082121,2
1,116,116,4,1.406527321,2
1,116,116,5,2.8252865,2
1,116,116,6,4.208427349,2
1,116,116,7,4.589179018,2
2,423,423,1,-1.532922803,1
2,423,423,2,-2.819004401,1
2,423,423,3,-3.954220349,1
2,423,423,4,-5.239282607,1
2,423,423,5,-5.509118905,1
2,423,423,6,-5.130984503,1
2,423,423,7,-4.679959852,1
3,417,417,1,3.376688605,3
3,417,417,2,5.810893316,3
3,417,417,3,5.393939578,3
3,417,417,4,6.85837644,3
3,417,417,5,7.159613541,3
3,417,417,6,8.761774103,3
3,417,417,7,9.934485615,3
4,408,408,1,-0.190517122,3
4,408,408,2,1.965885079,3
4,408,408,3,4.66826918,3
4,408,408,4,6.066823381,3
4,408,408,5,6.745266982,3
4,408,408,6,7.568780933,3
4,408,408,7,7.839585614,3
5,91,91,1,1.77594758,2
5,91,91,2,3.452183327,2
5,91,91,3,4.321609545,2
5,91,91,4,5.122151662,2
5,91,91,5,6.22823457,2
5,91,91,6,6.571005028,2
5,91,91,7,6.427558615,2
6,191,191,1,0.810390132,2
6,191,191,2,1.412227617,2
6,191,191,3,2.111610053,2
6,191,191,4,3.813466258,2
6,191,191,5,4.572333053,2
6,191,191,6,5.152394739,2
6,191,191,7,6.166278514,2
7,522,522,1,4.037501389,3
7,522,522,2,1.968253199,3
7,522,522,3,2.029469488,3
7,522,522,4,8.696447067,3
7,522,522,5,10.55596812,3
7,522,522,6,11.73778553,3
7,522,522,7,12.99393072,3
8,267,267,1,-2.48857918,1
8,267,267,2,-4.147665145,1
8,267,267,3,-4.004743509,1
8,267,267,4,-2.357937574,1
8,267,267,5,-1.892665639,1
8,267,267,6,-0.411540593,1
8,267,267,7,-0.218311638,1
9,535,535,1,2.598558658,3
9,535,535,2,3.529474802,3
9,535,535,3,4.579980687,3
9,535,535,4,6.047387812,3
9,535,535,5,6.725579336,3
9,535,535,6,7.144428501,3
9,535,535,7,7.791375115,3
10,592,592,1,-0.700709747,2
10,592,592,2,0.085348144,2
10,592,592,3,1.086413574,2
10,592,592,4,1.335098804,2
10,592,592,5,2.510987544,2
10,592,592,6,4.085150224,2
10,592,592,7,4.831876195,2
11,21,21,1,2.181798421,2
11,21,21,2,1.304081069,2
11,21,21,3,1.680547708,2
11,21,21,4,0.981576257,2
11,21,21,5,1.644666365,2
11,21,21,6,2.315840124,2
11,21,21,7,2.981531773,2
12,70,70,1,0.165052728,2
12,70,70,2,-0.206989675,2
12,70,70,3,0.502005783,2
12,70,70,4,3.16393818,2
12,70,70,5,3.191167507,2
12,70,70,6,3.199000945,2
12,70,70,7,3.300072622,2
13,317,317,1,0.552436852,2
13,317,317,2,1.655096973,2
13,317,317,3,1.928762824,2
13,317,317,4,2.514651825,2
13,317,317,5,4.175544346,2
13,317,317,6,4.294886387,2
13,317,317,7,4.839507989,2
14,9,9,1,-2.289957459,1
14,9,9,2,-4.524860701,1
14,9,9,3,-4.869367183,1
14,9,9,4,-5.535953765,1
14,9,9,5,-6.126475737,1
14,9,9,6,-6.559416029,1
14,9,9,7,-6.611950161,1
15,220,220,1,-2.70747216,1
15,220,220,2,-2.62738728,1
15,220,220,3,-4.420679039,1
15,220,220,4,-4.637665258,1
15,220,220,5,-4.446146648,1
15,220,220,6,-4.617511087,1
15,220,220,7,-5.066532457,1
16,52,52,1,-2.217891792,1
16,52,52,2,-2.00702203,1
16,52,52,3,-2.063402578,1
16,52,52,4,-0.867112446,1
16,52,52,5,0.311162285,1
16,52,52,6,-0.121623493,1
16,52,52,7,1.088984379,1
17,275,275,1,-2.275877965,1
17,275,275,2,-2.327047946,1
17,275,275,3,-2.089123876,1
17,275,275,4,-1.888719227,1
17,275,275,5,-0.828962098,1
17,275,275,6,-0.000889388,1
17,275,275,7,0.387001101,1
18,529,529,1,-0.311811513,2
18,529,529,2,0.540833938,2
18,529,529,3,1.201083719,2
18,529,529,4,1.33965478,2
18,529,529,5,2.126882981,2
18,529,529,6,2.892471572,2
18,529,529,7,3.849374053,2
19,118,118,1,-1.522722177,1
19,118,118,2,-1.367544875,1
19,118,118,3,-3.267998064,1
19,118,118,4,-4.697575403,1
19,118,118,5,-3.703779591,1
19,118,118,6,-4.03342131,1
19,118,118,7,-3.821381439,1
20,450,450,1,0.518149955,3
20,450,450,2,6.287014866,3
20,450,450,3,8.513936367,3
20,450,450,4,12.62334144,3
20,450,450,5,14.74874771,3
20,450,450,6,17.01674506,3
20,450,450,7,18.36000844,3
21,392,392,1,-2.503744611,2
21,392,392,2,-1.125018752,2
21,392,392,3,-0.788126282,2
21,392,392,4,-0.628856383,2
21,392,392,5,0.337038746,2
21,392,392,6,0.814629336,2
21,392,392,7,1.248075815,2
22,230,230,1,2.349934182,2
22,230,230,2,2.942584335,2
22,230,230,3,1.192465537,2
22,230,230,4,0.66718934,2
22,230,230,5,1.155781593,2
22,230,230,6,1.266298665,2
22,230,230,7,1.613367008,2
23,112,112,1,-0.533599986,1
23,112,112,2,-1.686891648,1
23,112,112,3,-0.855051569,1
23,112,112,4,-0.189001401,1
23,112,112,5,-0.437842202,1
23,112,112,6,0.210495166,1
23,112,112,7,0.051444184,1
24,109,109,1,0.833686625,2
24,109,109,2,1.634790352,2
24,109,109,3,3.018664669,2
24,109,109,4,4.824686866,2
24,109,109,5,5.259540473,2
24,109,109,6,5.79374368,2
24,109,109,7,7.200842107,2
25,492,492,1,0.734881239,2
25,492,492,2,2.220894726,2
25,492,492,3,2.637937964,2
25,492,492,4,3.801948321,2
25,492,492,5,4.500608198,2
25,492,492,6,5.358650966,2
25,492,492,7,6.844802693,2
26,306,306,1,2.171526214,2
26,306,306,2,1.382332445,2
26,306,306,3,2.128082546,2
26,306,306,4,2.727645097,2
26,306,306,5,2.104227107,2
26,306,306,6,1.981060478,2
26,306,306,7,1.592788379,2
27,363,363,1,-1.701442566,1
27,363,363,2,-1.595795659,1
27,363,363,3,-1.601288591,1
27,363,363,4,-1.175612223,1
27,363,363,5,-2.902669496,1
27,363,363,6,-1.849894298,1
27,363,363,7,0.057595329,1
28,371,371,1,-0.198895438,2
28,371,371,2,0.327850733,2
28,371,371,3,2.529158105,2
28,371,371,4,2.470001386,2
28,371,371,5,1.845868687,2
28,371,371,6,2.428369699,2
28,371,371,7,2.87870277,2
29,368,368,1,-3.512539641,1
29,368,368,2,-3.746713025,1
29,368,368,3,-3.348396739,1
29,368,368,4,-2.364748313,1
29,368,368,5,-2.426665807,1
29,368,368,6,-1.288664461,1
29,368,368,7,-0.772945425,1
30,341,341,1,-1.086885779,2
30,341,341,2,-1.336620728,2
30,341,341,3,-0.193167668,2
30,341,341,4,0.622118972,2
30,341,341,5,1.441863142,2
30,341,341,6,1.683854112,2
30,341,341,7,2.156355402,2
31,22,22,1,-0.981563333,1
31,22,22,2,-0.343048368,1
31,22,22,3,-0.572217482,1
31,22,22,4,-2.134894537,1
31,22,22,5,-1.960265972,1
31,22,22,6,-2.063998037,1
31,22,22,7,-1.743887421,1
32,391,391,1,3.618545998,3
32,391,391,2,4.172232983,3
32,391,391,3,10.82147756,3
32,391,391,4,8.477858152,3
32,391,391,5,12.30758228,3
32,391,391,6,13.05455597,3
32,391,391,7,13.29222047,3
33,510,510,1,7.263214441,3
33,510,510,2,9.721097693,3
33,510,510,3,12.51647266,3
33,510,510,4,15.07769005,3
33,510,510,5,19.43537865,3
33,510,510,6,24.16242802,3
33,510,510,7,26.34422865,3
34,536,536,1,-3.674795751,1
34,536,536,2,-3.427632252,1
34,536,536,3,-4.284278902,1
34,536,536,4,-4.994019553,1
34,536,536,5,-5.310486393,1
34,536,536,6,-4.775425484,1
34,536,536,7,-4.594326074,1
35,326,326,1,-1.686809,1
35,326,326,2,-2.440619005,1
35,326,326,3,-2.472605729,1
35,326,326,4,-2.081055154,1
35,326,326,5,-1.633603599,1
35,326,326,6,-1.347624653,1
35,326,326,7,-1.502693248,1
36,113,113,1,-3.556475237,1
36,113,113,2,-4.443432539,1
36,113,113,3,-5.012442441,1
36,113,113,4,-5.429673753,1
36,113,113,5,-6.009464835,1
36,113,113,6,-5.683715108,1
36,113,113,7,-6.65007804,1
37,239,239,1,-1.684041436,1
37,239,239,2,-2.521439593,1
37,239,239,3,-2.469875389,1
37,239,239,4,-2.706034236,1
37,239,239,5,-2.710285983,1
37,239,239,6,-1.139308629,1
37,239,239,7,-0.330656436,1
38,264,264,1,2.22729822,2
38,264,264,2,2.623253944,2
38,264,264,3,3.079332159,2
38,264,264,4,3.499905583,2
38,264,264,5,4.103396557,2
38,264,264,6,4.514463732,2
38,264,264,7,4.798058356,2
39,566,566,1,2.970432265,3
39,566,566,2,5.630890937,3
39,566,566,3,8.212366909,3
39,566,566,4,13.0879683,3
39,566,566,5,13.53246804,3
39,566,566,6,13.4295272,3
39,566,566,7,12.4284287,3
40,68,68,1,2.519227024,2
40,68,68,2,1.810964081,2
40,68,68,3,3.409077157,2
40,68,68,4,3.956774933,2
40,68,68,5,3.492372179,2
40,68,68,6,3.679515425,2
40,68,68,7,4.847713601,2
41,96,96,1,-1.011323717,1
41,96,96,2,-1.641374878,1
41,96,96,3,-1.782785029,1
41,96,96,4,-1.0790866,1
41,96,96,5,-1.195562811,1
41,96,96,6,-1.218903541,1
41,96,96,7,-0.824806182,1
42,286,286,1,-0.696371252,1
42,286,286,2,-0.761938639,1
42,286,286,3,-1.185728856,1
42,286,286,4,-1.616380933,1
42,286,286,5,-3.30404908,1
42,286,286,6,-2.799173127,1
42,286,286,7,-3.862522214,1
43,184,184,1,1.108997687,2
43,184,184,2,2.469464288,2
43,184,184,3,3.300471688,2
43,184,184,4,3.135386898,2
43,184,184,5,3.910080678,2
43,184,184,6,4.997868788,2
43,184,184,7,5.584402639,2
44,396,396,1,3.057507792,2
44,396,396,2,1.462026045,2
44,396,396,3,1.971594808,2
44,396,396,4,1.851881381,2
44,396,396,5,2.845477795,2
44,396,396,6,3.656651488,2
44,396,396,7,3.910195641,2
45,406,406,1,3.864165388,3
45,406,406,2,5.208783682,3
45,406,406,3,5.393261865,3
45,406,406,4,4.886396119,3
45,406,406,5,5.582316282,3
45,406,406,6,6.554927846,3
45,406,406,7,6.992134099,3
46,17,17,1,1.964365689,3
46,17,17,2,4.146691201,3
46,17,17,3,5.614712553,3
46,17,17,4,5.913622095,3
46,17,17,5,6.576937896,3
46,17,17,6,7.137896368,3
46,17,17,7,8.07851911,3
47,226,226,1,-2.885465797,1
47,226,226,2,-4.276913903,1
47,226,226,3,-3.745205708,1
47,226,226,4,-3.850556073,1
47,226,226,5,-4.412275409,1
47,226,226,6,-4.005298534,1
47,226,226,7,-3.91437522,1
48,122,122,1,-0.555532158,2
48,122,122,2,-0.036131019,2
48,122,122,3,0.702760601,2
48,122,122,4,0.892977621,2
48,122,122,5,1.38649047,2
48,122,122,6,2.77406289,2
48,122,122,7,2.934663249,2
49,531,531,1,0.247818046,2
49,531,531,2,-0.126921725,2
49,531,531,3,-0.072645525,2
49,531,531,4,0.199379914,2
49,531,531,5,-0.206609056,2
49,531,531,6,0.290118203,2
49,531,531,7,0.900591132,2
50,205,205,1,-3.634194347,2
50,205,205,2,-3.647609445,2
50,205,205,3,-0.721216612,2
50,205,205,4,1.3252398,2
50,205,205,5,4.079935083,2
50,205,205,6,5.302060515,2
50,205,205,7,5.904361908,2
51,518,518,1,1.333299459,2
51,518,518,2,1.652286633,2
51,518,518,3,1.687038647,2
51,518,518,4,2.427518111,2
51,518,518,5,2.710188876,2
51,518,518,6,3.22272733,2
51,518,518,7,3.782548174,2
52,27,27,1,-1.65268939,3
52,27,27,2,-0.131002465,3
52,27,27,3,2.62888161,3
52,27,27,4,5.704145315,3
52,27,27,5,7.98434238,3
52,27,27,6,9.593050315,3
52,27,27,7,10.98414586,3
53,163,163,1,-0.757878008,2
53,163,163,2,-1.590981989,2
53,163,163,3,-0.930977871,2
53,163,163,4,-1.006294063,2
53,163,163,5,0.050427496,2
53,163,163,6,1.013200024,2
53,163,163,7,2.513505982,2
54,305,305,1,-1.674898056,1
54,305,305,2,-1.060270881,1
54,305,305,3,-1.105372705,1
54,305,305,4,-0.71073624,1
54,305,305,5,-2.848980474,1
54,305,305,6,-2.587828499,1
54,305,305,7,-3.919595814,1
55,385,385,1,5.107854831,3
55,385,385,2,6.506979163,3
55,385,385,3,7.612051635,3
55,385,385,4,10.4422097,3
55,385,385,5,12.94851282,3
55,385,385,6,13.9444378,3
55,385,385,7,15.13649887,3
56,382,382,1,0.215156616,2
56,382,382,2,1.239959899,2
56,382,382,3,2.196036633,2
56,382,382,4,2.413392617,2
56,382,382,5,3.176627451,2
56,382,382,6,3.889168804,2
56,382,382,7,4.183294038,2
57,591,591,1,0.531054472,1
57,591,591,2,-0.133464738,1
57,591,591,3,0.026373013,1
57,591,591,4,-1.267045407,1
57,591,591,5,-2.184046126,1
57,591,591,6,-2.527049666,1
57,591,591,7,-1.727309086,1
58,182,182,1,2.068761033,2
58,182,182,2,3.069710517,2
58,182,182,3,3.55425764,2
58,182,182,4,3.411783414,2
58,182,182,5,4.346611138,2
58,182,182,6,4.593974051,2
58,182,182,7,5.094521005,2
59,61,61,1,0.983726251,2
59,61,61,2,1.929173986,2
59,61,61,3,2.867759172,2
59,61,61,4,1.901963147,2
59,61,61,5,2.335008943,2
59,61,61,6,2.469494938,2
59,61,61,7,2.742188304,2
60,334,334,1,1.081483147,2
60,334,334,2,2.24155786,2
60,334,334,3,2.830489462,2
60,334,334,4,2.622401685,2
60,334,334,5,3.132715918,2
60,334,334,6,3.11675907,2
60,334,334,7,3.575538733,2
61,564,564,1,1.046639549,2
61,564,564,2,1.765794839,2
61,564,564,3,2.56145632,2
61,564,564,4,2.330582621,2
61,564,564,5,6.180140701,2
61,564,564,6,6.732392952,2
61,564,564,7,6.216993333,2
62,90,90,1,-3.78407661,1
62,90,90,2,-3.854402034,1
62,90,90,3,-4.133581879,1
62,90,90,4,-4.477230793,1
62,90,90,5,-4.819127588,1
62,90,90,6,-5.434945893,1
62,90,90,7,-5.573886847,1
63,330,330,1,1.42992658,2
63,330,330,2,1.680437835,2
63,330,330,3,0.449992449,2
63,330,330,4,-0.148244347,2
63,330,330,5,1.344547928,2
63,330,330,6,3.147855082,2
63,330,330,7,3.541189966,2
64,562,562,1,-2.698436173,2
64,562,562,2,-1.267781891,2
64,562,562,3,-0.580518658,2
64,562,562,4,-0.371819025,2
64,562,562,5,1.344033077,2
64,562,562,6,2.87764573,2
64,562,562,7,4.441691573,2
65,170,170,1,-2.535362434,1
65,170,170,2,-3.153366241,1
65,170,170,3,-3.603364668,1
65,170,170,4,-3.392326385,1
65,170,170,5,-3.394277262,1
65,170,170,6,-3.201208619,1
65,170,170,7,-3.015994456,1
66,241,241,1,1.984900088,1
66,241,241,2,-0.385260912,1
66,241,241,3,-1.626258692,1
66,241,241,4,-2.390502082,1
66,241,241,5,-2.422505722,1
66,241,241,6,-1.840639772,1
66,241,241,7,-1.816789882,1
67,222,222,1,-2.019016364,1
67,222,222,2,-1.937093302,1
67,222,222,3,-2.144276959,1
67,222,222,4,-1.777238876,1
67,222,222,5,-2.277304983,1
67,222,222,6,-2.08162406,1
67,222,222,7,-1.870409538,1
68,233,233,1,-1.951414548,1
68,233,233,2,-2.13775788,1
68,233,233,3,-4.690526211,1
68,233,233,4,-4.998642912,1
68,233,233,5,-5.114289583,1
68,233,233,6,-4.104923744,1
68,233,233,7,-4.105316185,1
69,38,38,1,1.963249906,2
69,38,38,2,2.068453229,2
69,38,38,3,1.952952781,2
69,38,38,4,2.951265014,2
69,38,38,5,3.084745727,2
69,38,38,6,4.597045819,2
69,38,38,7,5.064197632,2
70,58,58,1,3.511023314,3
70,58,58,2,4.628535834,3
70,58,58,3,6.311451784,3
70,58,58,4,6.813388204,3
70,58,58,5,9.368944994,3
70,58,58,6,10.77539669,3
70,58,58,7,12.18159434,3
71,279,279,1,-0.636239777,2
71,279,279,2,-0.140617389,2
71,279,279,3,0.45964891,2
71,279,279,4,0.758568858,2
71,279,279,5,1.102803106,2
71,279,279,6,1.099973565,2
71,279,279,7,1.473420913,2
72,509,509,1,1.002681121,2
72,509,509,2,0.436425529,2
72,509,509,3,1.932935617,2
72,509,509,4,4.655604404,2
72,509,509,5,5.202794592,2
72,509,509,6,6.40552665,2
72,509,509,7,7.427584768,2
73,253,253,1,0.926785623,2
73,253,253,2,2.482696373,2
73,253,253,3,3.064501294,2
73,253,253,4,4.314983074,2
73,253,253,5,4.715883904,2
73,253,253,6,5.561245454,2
73,253,253,7,5.819279665,2
74,212,212,1,1.986893012,2
74,212,212,2,2.195989838,2
74,212,212,3,2.637515484,2
74,212,212,4,3.0250968,2
74,212,212,5,3.739526026,2
74,212,212,6,4.384954292,2
74,212,212,7,5.127743868,2
75,481,481,1,-0.845695296,2
75,481,481,2,-0.278774165,2
75,481,481,3,0.023255037,2
75,481,481,4,0.283995208,2
75,481,481,5,0.53051917,2
75,481,481,6,1.338573502,2
75,481,481,7,1.938252743,2
76,577,577,1,-3.858900512,1
76,577,577,2,-3.861954137,1
76,577,577,3,-3.180898243,1
76,577,577,4,-2.061266329,1
76,577,577,5,-2.153628414,1
76,577,577,6,-1.01730007,1
76,577,577,7,-0.590485105,1
77,26,26,1,-4.199472066,1
77,26,26,2,-3.148978504,1
77,26,26,3,-3.997388852,1
77,26,26,4,-3.836017421,1
77,26,26,5,-4.577673459,1
77,26,26,6,-2.234112157,1
77,26,26,7,-2.198940685,1
78,115,115,1,-0.97542076,1
78,115,115,2,-1.30405438,1
78,115,115,3,-2.6584472,1
78,115,115,4,-1.566493289,1
78,115,115,5,-0.614330769,1
78,115,115,6,0.140023671,1
78,115,115,7,0.896176351,1
79,497,497,1,6.224453447,3
79,497,497,2,7.786416774,3
79,497,497,3,6.66788521,3
79,497,497,4,7.529415937,3
79,497,497,5,8.936305233,3
79,497,497,6,9.12320175,3
79,497,497,7,11.92972638,3
80,539,539,1,0.12947604,1
80,539,539,2,-0.321736015,1
80,539,539,3,-1.461550671,1
80,539,539,4,-1.257682526,1
80,539,539,5,-1.314684452,1
80,539,539,6,-1.354488318,1
80,539,539,7,-1.206193843,1
81,394,394,1,1.065422399,2
81,394,394,2,2.434969541,2
81,394,394,3,3.124856313,2
81,394,394,4,2.748111434,2
81,394,394,5,4.558152016,2
81,394,394,6,5.870299818,2
81,394,394,7,7.76799715,2
82,338,338,1,-0.275033217,2
82,338,338,2,0.802275126,2
82,338,338,3,1.040115629,2
82,338,338,4,1.738605222,2
82,338,338,5,3.929822515,2
82,338,338,6,4.672156279,2
82,338,338,7,7.067263552,2
83,302,302,1,0.308110139,2
83,302,302,2,-0.110511336,2
83,302,302,3,0.7443891,2
83,302,302,4,1.892137736,2
83,302,302,5,1.295559891,2
83,302,302,6,2.276727527,2
83,302,302,7,2.168943403,2
84,157,157,1,1.53860669,3
84,157,157,2,2.418532201,3
84,157,157,3,3.607288612,3
84,157,157,4,6.437069853,3
84,157,157,5,7.137573674,3
84,157,157,6,7.889874445,3
84,157,157,7,8.433941076,3
85,585,585,1,3.426804542,3
85,585,585,2,5.224463753,3
85,585,585,3,7.010668203,3
85,585,585,4,7.861189053,3
85,585,585,5,9.775664774,3
85,585,585,6,11.41015321,3
85,585,585,7,12.82880892,3
86,127,127,1,-1.565490716,1
86,127,127,2,-1.592935005,1
86,127,127,3,-0.990415015,1
86,127,127,4,-1.205830555,1
86,127,127,5,-1.885841135,1
86,127,127,6,-1.561729684,1
86,127,127,7,-1.174220344,1
87,134,134,1,-3.981894843,1
87,134,134,2,-3.99346361,1
87,134,134,3,-3.263073907,1
87,134,134,4,-1.937118195,1
87,134,134,5,0.042248388,1
87,134,134,6,1.686897241,1
87,134,134,7,2.096113554,1
88,422,422,1,-2.476270803,1
88,422,422,2,-3.257538273,1
88,422,422,3,-3.887879913,1
88,422,422,4,-4.295491023,1
88,422,422,5,-5.313030253,1
88,422,422,6,-5.946754053,1
88,422,422,7,-6.647208943,1
89,99,99,1,0.32921072,2
89,99,99,2,-0.136774202,2
89,99,99,3,1.570643925,2
89,99,99,4,2.711942632,2
89,99,99,5,3.347944899,2
89,99,99,6,4.875483977,2
89,99,99,7,6.379736234,2
90,498,498,1,-1.140205269,2
90,498,498,2,-0.812332527,2
90,498,498,3,-0.991681585,2
90,498,498,4,-0.305433753,2
90,498,498,5,-0.026089101,2
90,498,498,6,0.754309512,2
90,498,498,7,1.223249994,2
91,124,124,1,1.497760303,3
91,124,124,2,2.290759779,3
91,124,124,3,2.776531895,3
91,124,124,4,5.58969948,3
91,124,124,5,6.538172736,3
91,124,124,6,7.961240012,3
91,124,124,7,8.901990838,3
92,86,86,1,0.872702806,2
92,86,86,2,1.251879312,2
92,86,86,3,0.611847008,2
92,86,86,4,1.138415854,2
92,86,86,5,1.67484827,2
92,86,86,6,2.355700276,2
92,86,86,7,2.789413132,2
93,415,415,1,2.577914736,3
93,415,415,2,5.505223188,3
93,415,415,3,5.62307166,3
93,415,415,4,6.068986463,3
93,415,415,5,6.940182505,3
93,415,415,6,9.017669537,3
93,415,415,7,10.3107711,3
94,320,320,1,-0.83419838,2
94,320,320,2,-0.241506747,2
94,320,320,3,1.083573947,2
94,320,320,4,2.042373451,2
94,320,320,5,2.748755155,2
94,320,320,6,3.551701379,2
94,320,320,7,4.489224333,2
95,150,150,1,1.067229662,2
95,150,150,2,1.356300466,2
95,150,150,3,0.884027791,2
95,150,150,4,0.186022985,2
95,150,150,5,0.66987428,2
95,150,150,6,1.152338885,2
95,150,150,7,1.384016039,2
96,482,482,1,-3.808638673,1
96,482,482,2,-3.943538725,1
96,482,482,3,-4.206909777,1
96,482,482,4,-4.89647542,1
96,482,482,5,-5.700321312,1
96,482,482,6,-4.956115454,1
96,482,482,7,-4.665320346,1
97,333,333,1,-0.508943871,2
97,333,333,2,-0.602952499,2
97,333,333,3,-0.213218107,2
97,333,333,4,0.537440696,2
97,333,333,5,0.994089508,2
97,333,333,6,1.27415895,2
97,333,333,7,1.709639832,2
98,339,339,1,0.011218741,1
98,339,339,2,-3.849616217,1
98,339,339,3,-1.800479314,1
98,339,339,4,-2.225309342,1
98,339,339,5,-1.926462079,1
98,339,339,6,-1.551364877,1
98,339,339,7,-1.431750424,1
99,561,561,1,-0.102349522,2
99,561,561,2,0.127401018,2
99,561,561,3,1.985955688,2
99,561,561,4,1.539012228,2
99,561,561,5,2.862520509,2
99,561,561,6,4.381540959,2
99,561,561,7,5.612103729,2
100,458,458,1,-1.09302094,1
100,458,458,2,-1.606422509,1
100,458,458,3,-1.495927818,1
100,458,458,4,-0.743973327,1
100,458,458,5,-0.500236076,1
100,458,458,6,-0.292667665,1
100,458,458,7,-0.003970344,1
101,164,164,1,3.501470474,3
101,164,164,2,4.824387678,3
101,164,164,3,4.964784392,3
101,164,164,4,5.938147676,3
101,164,164,5,6.788547609,3
101,164,164,6,8.053808203,3
101,164,164,7,9.759326067,3
102,412,412,1,0.278843899,2
102,412,412,2,0.938613145,2
102,412,412,3,1.607223982,2
102,412,412,4,2.018925829,2
102,412,412,5,2.402651285,2
102,412,412,6,3.904240102,2
102,412,412,7,4.771095418,2
103,131,131,1,-7.582325804,1
103,131,131,2,-6.767298426,1
103,131,131,3,-6.717784699,1
103,131,131,4,-5.740339392,1
103,131,131,5,-6.376494935,1
103,131,131,6,-5.863839447,1
103,131,131,7,-5.23318596,1
104,318,318,1,2.88923735,2
104,318,318,2,3.824711964,2
104,318,318,3,3.367883328,2
104,318,318,4,2.992144301,2
104,318,318,5,3.960451955,2
104,318,318,6,3.304293739,2
104,318,318,7,3.852705573,2
105,594,594,1,1.1094261,2
105,594,594,2,1.147158078,2
105,594,594,3,2.004793126,2
105,594,594,4,3.454491613,2
105,594,594,5,5.195593151,2
105,594,594,6,6.861215499,2
105,594,594,7,8.623217767,2
106,534,534,1,0.415533519,2
106,534,534,2,0.565239689,2
106,534,534,3,1.063845499,2
106,534,534,4,1.363742729,2
106,534,534,5,1.61840365,2
106,534,534,6,2.35027408,2
106,534,534,7,2.61152418,2
107,3,3,1,0.928598731,2
107,3,3,2,2.223621051,2
107,3,3,3,2.387428592,2
107,3,3,4,3.720168752,2
107,3,3,5,4.577861932,2
107,3,3,6,5.153061573,2
107,3,3,7,5.451573893,2
108,551,551,1,3.087046418,2
108,551,551,2,3.734870023,2
108,551,551,3,3.228298958,2
108,551,551,4,4.349692573,2
108,551,551,5,4.860467777,2
108,551,551,6,6.332090112,2
108,551,551,7,6.978490457,2
109,293,293,1,0.763789075,2
109,293,293,2,1.335282984,2
109,293,293,3,1.845110823,2
109,293,293,4,2.418351231,2
109,293,293,5,2.13778579,2
109,293,293,6,2.910017479,2
109,293,293,7,3.583789118,2
110,12,12,1,-0.73074346,2
110,12,12,2,-0.169327414,2
110,12,12,3,0.726799602,2
110,12,12,4,1.811662738,2
110,12,12,5,1.954187195,2
110,12,12,6,3.386223471,2
110,12,12,7,3.841942607,2
111,388,388,1,1.342916284,2
111,388,388,2,0.275466935,2
111,388,388,3,1.643924127,2
111,388,388,4,4.892958409,2
111,388,388,5,4.21738733,2
111,388,388,6,5.812202622,2
111,388,388,7,7.114897164,2
112,77,77,1,-1.272720183,1
112,77,77,2,-0.861747619,1
112,77,77,3,-0.298443285,1
112,77,77,4,0.241727108,1
112,77,77,5,-1.053338108,1
112,77,77,6,0.110348106,1
112,77,77,7,0.22246327,1
113,192,192,1,-0.163868701,2
113,192,192,2,-0.086850628,2
113,192,192,3,0.132329605,2
113,192,192,4,0.355212729,2
113,192,192,5,0.648245892,2
113,192,192,6,1.455475675,2
113,192,192,7,2.244479488,2
114,251,251,1,-2.911065836,2
114,251,251,2,-0.314565472,2
114,251,251,3,-1.848593927,2
114,251,251,4,0.615907958,2
114,251,251,5,1.670524713,2
114,251,251,6,1.961587507,2
114,251,251,7,1.168262792,2
115,249,249,1,3.92031249,3
115,249,249,2,4.89508368,3
115,249,249,3,5.472475751,3
115,249,249,4,5.161040432,3
115,249,249,5,6.148586262,3
115,249,249,6,6.598894653,3
115,249,249,7,6.261237623,3
116,75,75,1,-1.349025534,1
116,75,75,2,-1.86959631,1
116,75,75,3,-1.798815365,1
116,75,75,4,-0.76241316,1
116,75,75,5,-0.271811206,1
116,75,75,6,0.432014329,1
116,75,75,7,1.215939703,1
117,130,130,1,-0.830185348,2
117,130,130,2,1.031127125,2
117,130,130,3,1.056459568,2
117,130,130,4,1.31006417,2
117,130,130,5,1.498006413,2
117,130,130,6,2.536592766,2
117,130,130,7,3.308919408,2
118,376,376,1,-4.525514203,1
118,376,376,2,-1.711138436,1
118,376,376,3,0.449512402,1
118,376,376,4,-0.178695331,1
118,376,376,5,-2.408407363,1
118,376,376,6,-1.479264936,1
118,376,376,7,-0.097718668,1
119,194,194,1,-2.510662286,1
119,194,194,2,-3.352523637,1
119,194,194,3,-3.592645759,1
119,194,194,4,-3.62982167,1
119,194,194,5,-3.882986231,1
119,194,194,6,-4.093452143,1
119,194,194,7,-3.779238624,1
120,268,268,1,-3.682234448,1
120,268,268,2,-4.156450095,1
120,268,268,3,-4.156839492,1
120,268,268,4,-3.797620449,1
120,268,268,5,-3.949830845,1
120,268,268,6,-3.561725612,1
120,268,268,7,-2.987591789,1
121,15,15,1,0.308718685,2
121,15,15,2,0.695158994,2
121,15,15,3,1.371656783,2
121,15,15,4,1.950000181,2
121,15,15,5,2.57692948,2
121,15,15,6,4.365341609,2
121,15,15,7,4.495007848,2
122,200,200,1,-2.187846287,1
122,200,200,2,-3.559937066,1
122,200,200,3,-2.896308174,1
122,200,200,4,-4.361357802,1
122,200,200,5,-3.66481544,1
122,200,200,6,-2.998288479,1
122,200,200,7,-2.507219437,1
123,98,98,1,5.362987989,3
123,98,98,2,5.683021297,3
123,98,98,3,4.725335695,3
123,98,98,4,5.444700432,3
123,98,98,5,6.64900711,3
123,98,98,6,8.182919448,3
123,98,98,7,9.686164466,3
124,445,445,1,-0.688541306,1
124,445,445,2,-0.564117134,1
124,445,445,3,-0.612512102,1
124,445,445,4,-0.87660736,1
124,445,445,5,-0.947263627,1
124,445,445,6,-0.507804015,1
124,445,445,7,-0.258979983,1
125,258,258,1,-1.951533886,1
125,258,258,2,-2.257094921,1
125,258,258,3,-2.152655337,1
125,258,258,4,-2.121350033,1
125,258,258,5,-1.747492468,1
125,258,258,6,-1.684628184,1
125,258,258,7,-1.181010059,1
126,524,524,1,-4.875542898,1
126,524,524,2,-7.073792471,1
126,524,524,3,-8.537813864,1
126,524,524,4,-9.783726697,1
126,524,524,5,-10.21495149,1
126,524,524,6,-10.32845273,1
126,524,524,7,-10.24811599,1
127,136,136,1,-2.229372475,1
127,136,136,2,-1.926898652,1
127,136,136,3,-3.197961779,1
127,136,136,4,-3.778057397,1
127,136,136,5,-3.516367644,1
127,136,136,6,-3.279759631,1
127,136,136,7,-3.053491908,1
128,103,103,1,-1.582458215,1
128,103,103,2,-1.466214478,1
128,103,103,3,-0.951911471,1
128,103,103,4,-0.652550494,1
128,103,103,5,-0.444351537,1
128,103,103,6,-0.37417276,1
128,103,103,7,0.003000477,1
129,520,520,1,-0.282362394,1
129,520,520,2,-0.045725343,1
129,520,520,3,-0.355286722,1
129,520,520,4,-2.02604326,1
129,520,520,5,-2.535034219,1
129,520,520,6,-2.187134428,1
129,520,520,7,-1.291809147,1
130,195,195,1,-0.469482041,2
130,195,195,2,0.706791788,2
130,195,195,3,2.301130277,2
130,195,195,4,5.158564656,2
130,195,195,5,6.039289145,2
130,195,195,6,6.291196674,2
130,195,195,7,6.203051893,2
131,465,465,1,0.13642827,2
131,465,465,2,0.499193943,2
131,465,465,3,1.716968537,2
131,465,465,4,1.49713064,2
131,465,465,5,1.362726094,2
131,465,465,6,1.771939317,2
131,465,465,7,1.94182095,2
132,414,414,1,1.083124484,2
132,414,414,2,1.244694069,2
132,414,414,3,1.806994973,2
132,414,414,4,2.102562138,2
132,414,414,5,2.357990732,2
132,414,414,6,2.573194597,2
132,414,414,7,2.162547181,2
133,301,301,1,-3.645269281,1
133,301,301,2,-3.825324144,1
133,301,301,3,-4.434911486,1
133,301,301,4,-2.867925459,1
133,301,301,5,-2.993534511,1
133,301,301,6,-3.050038304,1
133,301,301,7,-5.012216406,1
134,527,527,1,-2.852312133,2
134,527,527,2,-2.749867683,2
134,527,527,3,-0.773758553,2
134,527,527,4,-0.545624113,2
134,527,527,5,0.821345157,2
134,527,527,6,1.686437897,2
134,527,527,7,2.500008647,2
135,179,179,1,8.760656066,3
135,179,179,2,8.706372725,3
135,179,179,3,8.485539595,3
135,179,179,4,8.522737024,3
135,179,179,5,7.137395884,3
135,179,179,6,5.759633353,3
135,179,179,7,5.144745203,3
136,263,263,1,-2.885639278,2
136,263,263,2,-1.038878269,2
136,263,263,3,0.96796711,2
136,263,263,4,2.258368479,2
136,263,263,5,3.088250228,2
136,263,263,6,4.745873627,2
136,263,263,7,6.950879566,2
137,149,149,1,0.732404701,2
137,149,149,2,2.252420165,2
137,149,149,3,3.908014649,2
137,149,149,4,5.028431003,2
137,149,149,5,5.505099717,2
137,149,149,6,6.554908871,2
137,149,149,7,6.755724915,2
138,503,503,1,0.788094805,2
138,503,503,2,0.040564482,2
138,503,503,3,-0.434967672,2
138,503,503,4,0.084843415,2
138,503,503,5,0.091546461,2
138,503,503,6,1.581951908,2
138,503,503,7,1.291395754,2
139,280,280,1,-1.683918087,1
139,280,280,2,-2.553466372,1
139,280,280,3,-2.530374687,1
139,280,280,4,-3.008596682,1
139,280,280,5,-2.451796786,1
139,280,280,6,-2.373028071,1
139,280,280,7,-2.654903826,1
140,352,352,1,-1.804440162,1
140,352,352,2,-4.089112285,1
140,352,352,3,-4.830399129,1
140,352,352,4,-4.974696532,1
140,352,352,5,-3.091813396,1
140,352,352,6,-2.87291963,1
140,352,352,7,-3.786811013,1
141,2,2,1,-0.001689056,2
141,2,2,2,1.089192439,2
141,2,2,3,0.648912405,2
141,2,2,4,-0.47595908,2
141,2,2,5,-0.481616715,2
141,2,2,6,1.429777301,2
141,2,2,7,1.771462376,2
142,14,14,1,3.217438564,3
142,14,14,2,3.74284726,3
142,14,14,3,5.435135696,3
142,14,14,4,9.098700292,3
142,14,14,5,15.76339243,3
142,14,14,6,18.08815376,3
142,14,14,7,18.9417267,3
143,203,203,1,-0.884009462,2
143,203,203,2,-1.55148522,2
143,203,203,3,-1.275393529,2
143,203,203,4,-0.220658687,2
143,203,203,5,1.643530814,2
143,203,203,6,2.037451026,2
143,203,203,7,3.032667057,2
144,425,425,1,-2.400207458,1
144,425,425,2,-4.537551715,1
144,425,425,3,-2.744683021,1
144,425,425,4,-3.145775277,1
144,425,425,5,-2.157934373,1
144,425,425,6,-1.239392309,1
144,425,425,7,-0.293437005,1
145,449,449,1,3.935799997,3
145,449,449,2,4.463767217,3
145,449,449,3,4.445568626,3
145,449,449,4,5.965807966,3
145,449,449,5,5.185064725,3
145,449,449,6,5.875544545,3
145,449,449,7,6.068141874,3
146,174,174,1,1.018654686,2
146,174,174,2,6.490460867,2
146,174,174,3,8.322710748,2
146,174,174,4,7.085439419,2
146,174,174,5,2.93403532,2
146,174,174,6,3.578655231,2
146,174,174,7,4.625372242,2
147,28,28,1,-0.407483552,1
147,28,28,2,-1.45963873,1
147,28,28,3,-4.603522738,1
147,28,28,4,-5.266953656,1
147,28,28,5,-5.147833134,1
147,28,28,6,-2.139543471,1
147,28,28,7,-1.651467949,1
148,398,398,1,-2.099078249,1
148,398,398,2,-1.706089038,1
148,398,398,3,-0.748368246,1
148,398,398,4,-0.701394715,1
148,398,398,5,-0.646196843,1
148,398,398,6,-0.055275492,1
148,398,398,7,0.14704019,1
149,247,247,1,-2.357683338,2
149,247,247,2,-1.635138079,2
149,247,247,3,-0.1085961,2
149,247,247,4,1.689986769,2
149,247,247,5,3.053668768,2
149,247,247,6,3.904428717,2
149,247,247,7,5.441778106,2
150,403,403,1,-4.274402052,2
150,403,403,2,-2.703135592,2
150,403,403,3,0.489499058,2
150,403,403,4,1.377043158,2
150,403,403,5,1.872508458,2
150,403,403,6,3.369152108,2
150,403,403,7,4.476160878,2
151,168,168,1,-3.036077324,1
151,168,168,2,-3.484762359,1
151,168,168,3,-3.317039675,1
151,168,168,4,-3.127913021,1
151,168,168,5,-2.810510956,1
151,168,168,6,-1.456752312,1
151,168,168,7,-0.667351928,1
152,390,390,1,1.609525275,3
152,390,390,2,4.523740193,3
152,390,390,3,5.811300921,3
152,390,390,4,6.374919089,3
152,390,390,5,6.798829187,3
152,390,390,6,7.298425055,3
152,390,390,7,7.310859093,3
153,342,342,1,-0.762684148,1
153,342,342,2,-1.822979352,1
153,342,342,3,-1.507298137,1
153,342,342,4,-1.362763281,1
153,342,342,5,-1.073362656,1
153,342,342,6,-1.20450106,1
153,342,342,7,-1.104002485,1
154,287,287,1,3.8654962,2
154,287,287,2,1.603887099,2
154,287,287,3,-0.577499891,2
154,287,287,4,-0.526739232,2
154,287,287,5,-0.465467503,2
154,287,287,6,-0.225842114,2
154,287,287,7,0.585989055,2
155,404,404,1,1.520101581,2
155,404,404,2,1.013898862,2
155,404,404,3,1.114320844,2
155,404,404,4,1.181157225,2
155,404,404,5,1.970074886,2
155,404,404,6,3.797885628,2
155,404,404,7,5.485669799,2
156,62,62,1,3.742826941,3
156,62,62,2,5.110162706,3
156,62,62,3,6.640085601,3
156,62,62,4,7.911405096,3
156,62,62,5,8.895002051,3
156,62,62,6,12.34845987,3
156,62,62,7,11.61440885,3
157,369,369,1,0.489471453,2
157,369,369,2,2.570355915,2
157,369,369,3,1.355623008,2
157,369,369,4,1.64399052,2
157,369,369,5,0.810441572,2
157,369,369,6,1.211120415,2
157,369,369,7,1.488213337,2
158,102,102,1,-0.692610142,2
158,102,102,2,0.011705616,2
158,102,102,3,0.150424883,2
158,102,102,4,1.248283341,2
158,102,102,5,1.922554059,2
158,102,102,6,2.782474276,2
158,102,102,7,3.545216134,2
159,41,41,1,-0.169605912,2
159,41,41,2,2.599643044,2
159,41,41,3,2.58701183,2
159,41,41,4,2.220010976,2
159,41,41,5,1.872434872,2
159,41,41,6,2.080590738,2
159,41,41,7,2.030488894,2
160,56,56,1,-0.539911149,1
160,56,56,2,-0.844010856,1
160,56,56,3,-1.039393302,1
160,56,56,4,-0.669343618,1
160,56,56,5,-1.284194895,1
160,56,56,6,-1.406197551,1
160,56,56,7,-1.241546548,1
161,225,225,1,0.205424844,2
161,225,225,2,0.592336094,2
161,225,225,3,1.059242614,2
161,225,225,4,1.170614743,2
161,225,225,5,1.611856403,2
161,225,225,6,2.653542743,2
161,225,225,7,3.501248673,2
162,359,359,1,-3.462411822,2
162,359,359,2,-2.354168279,2
162,359,359,3,-0.687994557,2
162,359,359,4,0.425573145,2
162,359,359,5,3.538634047,2
162,359,359,6,5.078932089,2
162,359,359,7,6.354399391,2
163,46,46,1,-1.877808903,2
163,46,46,2,-2.26923692,2
163,46,46,3,-1.430561648,2
163,46,46,4,0.423610175,2
163,46,46,5,2.175845518,2
163,46,46,6,2.2645003,2
163,46,46,7,1.398704083,2
164,312,312,1,-0.130482201,2
164,312,312,2,0.994193512,2
164,312,312,3,2.014292754,2
164,312,312,4,2.023567897,2
164,312,312,5,2.35141544,2
164,312,312,6,2.286069712,2
164,312,312,7,2.828450585,2
165,362,362,1,1.230328026,3
165,362,362,2,2.252224965,3
165,362,362,3,4.309137364,3
165,362,362,4,5.319681993,3
165,362,362,5,6.185382491,3
165,362,362,6,7.07800553,3
165,362,362,7,8.561896109,3
166,273,273,1,-0.837875884,1
166,273,273,2,-0.718517313,1
166,273,273,3,-1.413804141,1
166,273,273,4,-2.83806569,1
166,273,273,5,-4.444770439,1
166,273,273,6,-3.295046207,1
166,273,273,7,-3.091547746,1
167,242,242,1,1.645375384,2
167,242,242,2,2.076217467,2
167,242,242,3,2.6611238,2
167,242,242,4,1.786096563,2
167,242,242,5,2.314531276,2
167,242,242,6,3.162043049,2
167,242,242,7,3.777196202,2
168,246,246,1,1.487847611,2
168,246,246,2,1.568855726,2
168,246,246,3,1.80605913,2
168,246,246,4,2.028046505,2
168,246,246,5,2.682786309,2
168,246,246,6,3.213740984,2
168,246,246,7,3.803415298,2
169,42,42,1,-3.623365067,1
169,42,42,2,-5.578774356,1
169,42,42,3,-5.907841226,1
169,42,42,4,-5.521542116,1
169,42,42,5,-5.782641416,1
169,42,42,6,-5.692866535,1
169,42,42,7,-5.536393215,1
170,257,257,1,2.351308846,3
170,257,257,2,3.583890282,3
170,257,257,3,5.452532498,3
170,257,257,4,6.265168704,3
170,257,257,5,5.657201451,3
170,257,257,6,6.463239017,3
170,257,257,7,7.343298873,3
171,51,51,1,0.067778789,2
171,51,51,2,-0.133495038,2
171,51,51,3,0.549801115,2
171,51,51,4,0.901068477,2
171,51,51,5,1.40742734,2
171,51,51,6,2.000671513,2
171,51,51,7,3.405461636,2
172,231,231,1,2.333679896,2
172,231,231,2,2.697504957,2
172,231,231,3,3.432341367,2
172,231,231,4,2.732929867,2
172,231,231,5,2.617562157,2
172,231,231,6,2.399775618,2
172,231,231,7,2.901277188,2
173,405,405,1,-0.84416491,1
173,405,405,2,-1.880249539,1
173,405,405,3,-2.871897458,1
173,405,405,4,-2.801270247,1
173,405,405,5,-2.724658996,1
173,405,405,6,-2.880028565,1
173,405,405,7,-3.425744974,1
174,532,532,1,1.832053614,2
174,532,532,2,2.432671494,2
174,532,532,3,2.374202155,2
174,532,532,4,3.356912666,2
174,532,532,5,4.647507516,2
174,532,532,6,5.523946657,2
174,532,532,7,6.053206398,2
175,240,240,1,0.413706601,2
175,240,240,2,0.702361172,2
175,240,240,3,0.417714412,2
175,240,240,4,1.495184813,2
175,240,240,5,2.137731164,2
175,240,240,6,2.733053484,2
175,240,240,7,4.124727855,2
176,548,548,1,-0.563471231,2
176,548,548,2,0.263808525,2
176,548,548,3,1.25680567,2
176,548,548,4,2.719998625,2
176,548,548,5,4.973405701,2
176,548,548,6,6.195049056,2
176,548,548,7,7.718644972,2
177,543,543,1,-2.657754288,2
177,543,543,2,-1.880351447,2
177,543,543,3,-0.212069275,2
177,543,543,4,0.419703087,2
177,543,543,5,1.304170488,2
177,543,543,6,2.48126007,2
177,543,543,7,3.095968442,2
178,343,343,1,-1.12934626,2
178,343,343,2,-0.117947361,2
178,343,343,3,-0.405135902,2
178,343,343,4,-0.194253294,2
178,343,343,5,-0.339614625,2
178,343,343,6,1.308558954,2
178,343,343,7,1.266052392,2
179,432,432,1,-1.915065354,1
179,432,432,2,-0.861636472,1
179,432,432,3,0.502022341,1
179,432,432,4,0.057451803,1
179,432,432,5,-0.757452684,1
179,432,432,6,-0.488190972,1
179,432,432,7,-0.287414059,1
180,596,596,1,-0.05429708,2
180,596,596,2,1.685134659,2
180,596,596,3,2.827635238,2
180,596,596,4,3.135779836,2
180,596,596,5,3.116266655,2
180,596,596,6,3.480685494,2
180,596,596,7,3.705343673,2
181,567,567,1,1.80777566,2
181,567,567,2,2.291629662,2
181,567,567,3,2.854216144,2
181,567,567,4,2.485726105,2
181,567,567,5,2.381491287,2
181,567,567,6,3.544910949,2
181,567,567,7,4.928277731,2
182,256,256,1,-4.998005796,1
182,256,256,2,-4.40150985,1
182,256,256,3,-5.612856964,1
182,256,256,4,-5.958179187,1
182,256,256,5,-4.431929471,1
182,256,256,6,-4.485400575,1
182,256,256,7,-4.836916809,1
183,271,271,1,0.264207045,2
183,271,271,2,2.078250983,2
183,271,271,3,3.960564001,2
183,271,271,4,5.32007823,2
183,271,271,5,5.280944478,2
183,271,271,6,5.808189866,2
183,271,271,7,6.967785114,2
184,329,329,1,0.826939621,3
184,329,329,2,2.682837628,3
184,329,329,3,5.590049505,3
184,329,329,4,5.923820472,3
184,329,329,5,5.649394589,3
184,329,329,6,7.353314886,3
184,329,329,7,7.724675673,3
185,85,85,1,-1.463950253,2
185,85,85,2,-0.928831465,2
185,85,85,3,-1.518897258,2
185,85,85,4,0.368416199,2
185,85,85,5,0.880843097,2
185,85,85,6,1.825872204,2
185,85,85,7,2.652178781,2
186,581,581,1,1.492364539,2
186,581,581,2,2.158269294,2
186,581,581,3,2.02809567,2
186,581,581,4,3.318161565,2
186,581,581,5,3.480827981,2
186,581,581,6,3.719164326,2
186,581,581,7,3.931529832,2
187,217,217,1,-5.471792188,1
187,217,217,2,-5.461671084,1
187,217,217,3,-5.405186399,1
187,217,217,4,-4.701576395,1
187,217,217,5,-2.273152731,1
187,217,217,6,-1.523407306,1
187,217,217,7,-0.835257542,1
188,288,288,1,-0.140726351,2
188,288,288,2,-0.140938857,2
188,288,288,3,0.388985088,2
188,288,288,4,0.752601722,2
188,288,288,5,1.029015347,2
188,288,288,6,1.188649161,2
188,288,288,7,1.393366486,2
189,50,50,1,-0.864333883,2
189,50,50,2,-1.248089154,2
189,50,50,3,0.018877554,2
189,50,50,4,0.428286633,2
189,50,50,5,0.510128161,2
189,50,50,6,0.96052806,2
189,50,50,7,1.258000888,2
190,24,24,1,-1.325683302,2
190,24,24,2,-0.894048517,2
190,24,24,3,-0.794871982,2
190,24,24,4,-0.270824327,2
190,24,24,5,-0.488311352,2
190,24,24,6,-0.096442747,2
190,24,24,7,1.557345778,2
191,218,218,1,1.361442339,2
191,218,218,2,3.482569202,2
191,218,218,3,4.934109195,2
191,218,218,4,3.319415758,2
191,218,218,5,2.259546882,2
191,218,218,6,3.055401525,2
191,218,218,7,3.830747768,2
192,421,421,1,-1.325716674,1
192,421,421,2,-1.266446498,1
192,421,421,3,-1.206808033,1
192,421,421,4,-1.869972057,1
192,421,421,5,-0.932300251,1
192,421,421,6,-0.023080796,1
192,421,421,7,0.54639533,1
193,325,325,1,-5.069127855,1
193,325,325,2,-5.328451528,1
193,325,325,3,-6.3401877,1
193,325,325,4,-5.878721242,1
193,325,325,5,-6.393182295,1
193,325,325,6,-5.560905807,1
193,325,325,7,-5.924169959,1
