"Country_class","ISO3","Country","Year","AMR","traj_class","WHO_Region","Income","Strategic_vision","Multi_sector_engagement","Sustainability","Accountability","AMC_surveillance_system","AMR_surveillance_system","Optimization_antimicrobial","Professional_education","Public_awareness","Hygiene_prevention","Research_innovation","Reporting","Policy_adjustment","Effectiveness"
1,291,291,2017,0.939082121,3,"Eastern Mediterranean Region","L",72.66627358,75.88630807,99.23295455,100,0,5.360281195,14.24802111,8.021390374,13.98104265,11.24935305,42.05933682,50,0,0.488882725
1,291,291,2018,1.406527321,3,"Eastern Mediterranean Region","L",72.66627358,75.88630807,68.57954545,100,0,10.72056239,0,8.021390374,6.990521327,15.54695009,42.05933682,50,0,0.488882725
1,291,291,2019,2.8252865,3,"Eastern Mediterranean Region","L",72.66627358,75.88630807,98.97727273,100,0,9.380492091,14.24802111,8.021390374,0,6.951756007,42.05933682,50,0,0.488882725
1,291,291,2020,4.208427349,3,"Eastern Mediterranean Region","L",72.66627358,75.88630807,69.09090909,100,0,8.040421793,8.149868074,25,13.98104265,7.913863216,42.05933682,50,26.61654135,1.29985023
1,291,291,2021,4.589179018,3,"Eastern Mediterranean Region","L",72.66627358,67.84841076,31.98863636,100,0,2.680140598,0,16.04278075,6.990521327,5.845656192,42.05933682,79.68397291,0,0
5,169,169,2017,4.321609545,3,"Eastern Mediterranean Region","H",10.23466981,8.037897311,1.193181818,0,13.88415673,17.50878735,27.37467018,24.06417112,20.97156398,34.79695009,0,20.31602709,26.61654135,18.43892777
5,169,169,2018,5.122151662,3,"Eastern Mediterranean Region","H",10.23466981,8.037897311,1.193181818,0,49.82964225,20.21089631,35.75197889,50,15.99526066,41.15036969,0,50,26.61654135,12.55567124
5,169,169,2019,6.22823457,3,"Eastern Mediterranean Region","H",100,83.92420538,69.09090909,100,63.71379898,25.54920914,27.37467018,50,20.97156398,43.99260628,42.05933682,79.68397291,26.61654135,13.38900457
5,169,169,2020,6.571005028,3,"Eastern Mediterranean Region","H",89.76533019,83.92420538,99.74431818,100,86.11584327,10.76449912,27.37467018,33.02139037,22.98578199,19.33890943,42.05933682,79.68397291,0,10.71235327
5,169,169,2021,6.427558615,3,"Eastern Mediterranean Region","H",89.76533019,83.92420538,31.98863636,100,56.77172061,10.76449912,32.12401055,25,22.98578199,41.92439926,42.05933682,79.68397291,26.61654135,9.629627025
6,335,335,2017,2.111610053,3,"Region of the Americas","UM",37.87853774,41.96210269,99.23295455,75.52664188,27.42759796,21.57293497,43.00791557,25,6.990521327,47.0194085,100,59.36794582,13.4962406,14.98139685
6,335,335,2018,3.813466258,3,"Region of the Americas","UM",37.87853774,41.96210269,69.34659091,75.52664188,27.42759796,16.14674868,26.25329815,25,6.990521327,47.0194085,100,59.36794582,13.4962406,14.98139685
6,335,335,2019,4.572333053,3,"Region of the Americas","UM",27.33372642,41.96210269,32.24431818,75.52664188,27.42759796,18.82688928,16.75461741,33.02139037,13.98104265,44.39639556,100,79.68397291,40.11278195,11.38164955
6,335,335,2020,5.152394739,3,"Region of the Americas","UM",27.33372642,41.96210269,32.24431818,75.52664188,51.74616695,32.24956063,40.50131926,33.02139037,31.99052133,14.26728281,100,79.68397291,40.11278195,12.20046083
6,335,335,2021,6.166278514,3,"Region of the Americas","UM",37.87853774,58.03789731,62.13068182,75.52664188,27.76831346,63.44463972,40.50131926,33.02139037,47.98578199,23.63650647,100,79.68397291,53.60902256,34.37978798
10,160,160,2017,1.086413574,3,"European Region","H",89.76533019,100,69.60227273,100,100,49.75834798,65.50131926,75,56.99052133,28.80083179,100,79.68397291,53.60902256,77.20715045
10,160,160,2018,1.335098804,3,"European Region","H",89.76533019,100,69.60227273,100,77.59795571,49.75834798,65.50131926,75,63.98104265,28.02680222,100,79.68397291,53.60902256,77.20715045
10,160,160,2019,2.510987544,3,"European Region","H",89.76533019,100,69.60227273,100,77.59795571,49.75834798,65.50131926,75,63.98104265,28.02680222,100,79.68397291,53.60902256,80.23710436
10,160,160,2020,4.085150224,3,"European Region","H",89.76533019,100,100,100,100,47.05623902,68.21794195,91.97860963,63.98104265,32.9103512,100,79.68397291,40.11278195,83.6664802
10,160,160,2021,4.831876195,3,"European Region","H",100,100,100,100,100,47.05623902,56.00263852,91.97860963,63.98104265,34.20452865,100,79.68397291,13.4962406,74.99802512
11,285,285,2017,1.680547708,3,"European Region","UM",0,8.037897311,31.33522727,0,79.17376491,55.38224956,59.5176781,66.04278075,13.98104265,56.42624769,0,0,76.80451128,30.67881057
11,285,285,2018,0.981576257,3,"European Region","UM",0,8.037897311,1.193181818,0,86.11584327,55.38224956,59.5176781,58.02139037,13.98104265,52.12865065,0,0,76.80451128,30.67881057
11,285,285,2019,1.644666365,3,"European Region","UM",10.23466981,8.037897311,1.448863636,0,86.11584327,47.3198594,67.89498681,58.02139037,31.99052133,55.82791128,0,0,76.80451128,32.46910138
11,285,285,2020,2.315840124,3,"European Region","UM",0,8.037897311,1.193181818,0,86.11584327,56.74428822,59.5176781,58.02139037,34.47867299,10.61719039,0,0,50.18796992,40.12759022
11,285,285,2021,2.981531773,3,"European Region","UM",10.23466981,0,1.448863636,0,79.17376491,20.18892794,59.5176781,66.04278075,22.98578199,63.1668207,0,0,53.60902256,27.40349149
12,380,380,2017,0.502005783,3,"African Region","L",10.23466981,8.037897311,31.84659091,0,0,8.040421793,16.9646438,33.02139037,20.97156398,60.86783734,0,0,0,13.23674769
12,380,380,2018,3.16393818,3,"African Region","L",10.23466981,8.037897311,31.84659091,0,0,8.040421793,16.9646438,33.02139037,20.97156398,44.50924214,0,0,0,11.52736753
12,380,380,2019,3.191167507,3,"African Region","L",10.23466981,8.037897311,31.84659091,0,0,8.040421793,16.9646438,33.02139037,20.97156398,60.86783734,0,0,0,13.23674769
12,380,380,2020,3.199000945,3,"African Region","L",72.66627358,75.88630807,84.47443182,100,44.80408859,10.74253076,26.25329815,25,15.99526066,17.90665434,42.05933682,50,0,5.925970019
12,380,380,2021,3.300072622,3,"African Region","L",82.9009434,75.88630807,84.73011364,100,72.23168654,17.50878735,26.25329815,33.02139037,31.99052133,29.72532348,42.05933682,50,0,10.71235327
13,156,156,2017,1.928762824,3,"European Region","H",89.76533019,41.96210269,69.09090909,100,100,97.3198594,65.50131926,75,54.97630332,45.15942699,100,59.36794582,50.18796992,84.45800526
13,156,156,2018,2.514651825,3,"European Region","H",79.22051887,41.96210269,31.98863636,100,100,100,73.87862797,75,47.98578199,45.15942699,100,59.36794582,50.18796992,84.45800526
13,156,156,2019,4.175544346,3,"European Region","H",79.22051887,58.03789731,32.24431818,100,100,100,73.87862797,75,47.98578199,45.93345656,100,59.36794582,76.80451128,84.45800526
13,156,156,2020,4.294886387,3,"European Region","H",79.22051887,100,32.24431818,100,100,100,73.87862797,91.97860963,31.99052133,45.93345656,100,100,76.80451128,67.28826639
13,156,156,2021,4.839507989,3,"European Region","H",100,100,69.60227273,100,100,74.20913884,84.74511873,91.97860963,31.99052133,45.93345656,100,100,76.80451128,66.84398068
18,229,229,2017,1.201083719,3,"Eastern Mediterranean Region","H",0,0,0.9375,0,41.31175468,14.74077329,23.74670185,24.06417112,13.98104265,30.79944547,0,50,26.61654135,12.06843081
18,229,229,2018,1.33965478,3,"Eastern Mediterranean Region","H",31.01415094,32.15158924,38.55113636,0,48.25383305,14.74077329,30.8707124,32.0855615,63.98104265,17.13262477,0,50,26.61654135,30.31535862
18,229,229,2019,2.126882981,3,"Eastern Mediterranean Region","H",65.80188679,75.88630807,69.60227273,100,51.74616695,26.80140598,23.74670185,32.0855615,34.47867299,24.09889094,42.05933682,79.68397291,26.61654135,27.3948517
18,229,229,2020,2.892471572,3,"Eastern Mediterranean Region","H",45.02240566,91.96210269,31.98863636,100,79.17376491,10.72056239,40.50131926,33.02139037,47.98578199,27.10231054,42.05933682,79.68397291,26.61654135,30.08879644
18,229,229,2021,3.849374053,3,"Eastern Mediterranean Region","H",55.56721698,75.88630807,31.73295455,100,6.942078365,8.040421793,29.74934037,24.06417112,45.97156398,22.20425139,42.05933682,79.68397291,26.61654135,34.78541702
21,570,570,2017,-0.788126282,3,"Region of the Americas","UM",10.23466981,8.037897311,1.193181818,0,13.88415673,13.44463972,13.12664908,33.02139037,13.98104265,10.14325323,0,0,50.18796992,8.079877112
21,570,570,2018,-0.628856383,3,"Region of the Americas","UM",10.23466981,8.037897311,1.193181818,0,13.88415673,10.72056239,13.12664908,33.02139037,13.98104265,29.34408503,0,0,50.18796992,9.789257269
21,570,570,2019,0.337038746,3,"Region of the Americas","UM",10.23466981,8.037897311,1.193181818,0,13.88415673,10.72056239,13.12664908,33.02139037,13.98104265,29.34408503,0,0,50.18796992,9.789257269
21,570,570,2020,0.814629336,3,"Region of the Americas","UM",0,8.037897311,32.10227273,0,27.42759796,58.28207381,34.49868074,16.04278075,15.99526066,14.26728281,0,0,76.80451128,16.65130568
21,570,570,2021,1.248075815,3,"Region of the Americas","UM",0,8.037897311,32.10227273,0,13.88415673,25.52724077,13.12664908,0,15.99526066,22.86247689,0,29.68397291,0,2.279173543
22,512,512,2017,1.192465537,3,"Region of the Americas","H",0,8.037897311,1.704545455,0,0,5.360281195,28.49604222,25,31.99052133,37.80009242,0,0,0,3.029953917
22,512,512,2018,0.66718934,3,"Region of the Americas","H",0,8.037897311,1.704545455,0,0,5.360281195,28.49604222,25,31.99052133,37.80009242,0,0,0,3.029953917
22,512,512,2019,1.155781593,3,"Region of the Americas","H",0,8.037897311,1.704545455,0,0,5.360281195,28.49604222,25,31.99052133,37.80009242,0,0,0,3.029953917
22,512,512,2020,1.266298665,3,"Region of the Americas","H",0,8.037897311,1.704545455,0,0,5.360281195,28.49604222,25,31.99052133,37.80009242,0,0,0,3.029953917
22,512,512,2021,1.613367008,3,"Region of the Americas","H",0,8.037897311,1.704545455,0,0,5.360281195,28.49604222,25,31.99052133,37.80009242,0,0,0,3.029953917
24,395,395,2017,3.018664669,3,"Region of the Americas","UM",0,8.037897311,32.10227273,0,86.11584327,14.80667838,76.25329815,33.02139037,13.98104265,19.98641405,57.94066318,50,0,7.484391298
24,395,395,2018,4.824686866,3,"Region of the Americas","UM",38.17334906,75.88630807,100,100,93.05792164,12.10456942,59.49868074,33.02139037,13.98104265,69.8818854,100,79.68397291,0,15.67400011
24,395,395,2019,5.259540473,3,"Region of the Americas","UM",38.17334906,75.88630807,100,100,86.11584327,12.12653779,59.49868074,50,22.98578199,67.27125693,100,79.68397291,0,13.69867677
24,395,395,2020,5.79374368,3,"Region of the Americas","UM",38.17334906,75.88630807,100,100,86.11584327,14.82864675,59.5176781,50,22.98578199,18.65757856,100,79.68397291,0,14.03023383
24,395,395,2021,7.200842107,3,"Region of the Americas","UM",38.17334906,75.88630807,62.64204545,100,86.11584327,41.67398946,59.5176781,50,22.98578199,18.65757856,100,50,0,24.19152415
25,126,126,2017,2.637937964,3,"Region of the Americas","H",89.76533019,75.88630807,69.60227273,100,44.80408859,39.23550088,18.99736148,33.02139037,40.99526066,8.687892791,42.05933682,29.68397291,26.61654135,2.177419355
25,126,126,2018,3.801948321,3,"Region of the Americas","H",89.76533019,75.88630807,69.60227273,100,44.80408859,39.23550088,18.99736148,33.02139037,40.99526066,19.59362292,42.05933682,29.68397291,26.61654135,3.317006126
25,126,126,2019,4.500608198,3,"Region of the Americas","H",89.76533019,75.88630807,69.60227273,100,44.80408859,39.23550088,18.99736148,33.02139037,40.99526066,14.14075786,42.05933682,29.68397291,26.61654135,2.74721274
25,126,126,2020,5.358650966,3,"Region of the Americas","H",89.76533019,75.88630807,69.60227273,100,13.88415673,39.23550088,18.99736148,33.02139037,13.98104265,8.687892791,42.05933682,29.68397291,26.61654135,2.177419355
25,126,126,2021,6.844802693,3,"Region of the Americas","H",89.76533019,75.88630807,69.60227273,100,13.88415673,39.23550088,18.99736148,33.02139037,13.98104265,8.687892791,42.05933682,29.68397291,26.61654135,2.177419355
26,310,310,2017,2.128082546,3,"Western Pacific Region","H",0,0,0.9375,0,72.23168654,29.5254833,25.34195251,33.02139037,13.98104265,18.68068392,0,0,13.4962406,4.320082922
26,310,310,2018,2.727645097,3,"Western Pacific Region","H",0,16.07579462,1.448863636,0,86.11584327,29.5254833,25.34195251,33.02139037,3.495260664,22.97828096,0,0,13.4962406,4.320082922
26,310,310,2019,2.104227107,3,"Western Pacific Region","H",34.49292453,83.92420538,31.98863636,100,86.11584327,29.5254833,25.34195251,33.02139037,3.495260664,22.97828096,21.02966841,50,13.4962406,4.320082922
26,310,310,2020,1.981060478,3,"Western Pacific Region","H",44.72759434,83.92420538,31.98863636,100,86.11584327,29.5254833,25.34195251,33.02139037,13.98104265,22.97828096,21.02966841,79.68397291,13.4962406,12.75326265
26,310,310,2021,1.592788379,3,"Western Pacific Region","H",44.72759434,83.92420538,31.98863636,100,86.11584327,29.5254833,25.34195251,33.02139037,13.98104265,22.97828096,21.02966841,100,13.4962406,12.75326265
28,290,290,2017,2.529158105,3,"African Region","UM",0,8.037897311,0.767045455,0,34.36967632,13.42267135,35.75197889,25,13.98104265,22.97828096,0,0,0,1.709380157
28,290,290,2018,2.470001386,3,"African Region","UM",0,8.037897311,0.767045455,0,34.36967632,13.42267135,35.75197889,25,13.98104265,28.43114603,0,0,0,2.279173543
28,290,290,2019,1.845868687,3,"African Region","UM",0,8.037897311,0.767045455,0,34.36967632,13.42267135,35.75197889,25,13.98104265,28.43114603,0,0,0,2.279173543
28,290,290,2020,2.428369699,3,"African Region","UM",10.23466981,8.037897311,1.193181818,0,27.42759796,13.40070299,35.75197889,25,15.99526066,27.87634011,0,0,0,6.780660097
28,290,290,2021,2.87870277,3,"African Region","UM",10.23466981,0,0.9375,0,27.42759796,16.14674868,26.70976253,25,25,25.55425139,0,0,0,8.947077148
30,381,381,2017,-0.193167668,3,"Region of the Americas","H",44.43278302,41.96210269,31.98863636,48.94671623,86.11584327,44.39806678,54.74934037,33.02139037,40.99526066,26.72107209,100,79.68397291,26.9924812,12.74096926
30,381,381,2018,0.622118972,3,"Region of the Americas","H",44.43278302,41.96210269,31.98863636,48.94671623,86.11584327,44.39806678,54.74934037,33.02139037,31.99052133,26.72107209,100,79.68397291,26.9924812,8.524379398
30,381,381,2019,1.441863142,3,"Region of the Americas","H",44.43278302,41.96210269,62.38636364,48.94671623,86.11584327,44.39806678,63.12664908,50,31.99052133,30.33733826,100,79.68397291,53.60902256,16.95755912
30,381,381,2020,1.683854112,3,"Region of the Americas","H",44.43278302,41.96210269,62.38636364,48.94671623,86.11584327,67.50878735,58.37730871,66.97860963,31.99052133,30.33733826,100,79.68397291,53.60902256,33.81886438
30,381,381,2021,2.156355402,3,"Region of the Americas","H",44.43278302,41.96210269,62.64204545,48.94671623,93.05792164,67.50878735,61.0939314,75,40.99526066,30.33733826,100,79.68397291,76.80451128,47.95414472
38,550,550,2017,3.079332159,3,"Western Pacific Region","H",89.76533019,41.96210269,69.34659091,100,27.76831346,10.76449912,39.24802111,75,75,44.24704251,0,29.68397291,0,52.03002835
38,550,550,2018,3.499905583,3,"Western Pacific Region","H",89.76533019,41.96210269,69.34659091,100,27.76831346,10.76449912,39.24802111,75,75,44.24704251,0,59.36794582,0,52.03002835
38,550,550,2019,4.103396557,3,"Western Pacific Region","H",89.76533019,41.96210269,69.34659091,100,27.76831346,10.76449912,39.24802111,75,75,44.24704251,0,59.36794582,0,52.03002835
38,550,550,2020,4.514463732,3,"Western Pacific Region","H",89.76533019,41.96210269,69.34659091,100,27.76831346,10.76449912,39.24802111,75,75,33.34131238,0,59.36794582,0,50.89044158
38,550,550,2021,4.798058356,3,"Western Pacific Region","H",89.76533019,41.96210269,69.34659091,100,27.76831346,10.76449912,39.24802111,75,75,33.34131238,0,59.36794582,0,50.89044158
40,579,579,2017,3.409077157,3,"African Region","LM",0,8.037897311,0.9375,0,6.942078365,0,0,0,22.98578199,16.35859519,0,0,0,1.709380157
40,579,579,2018,3.956774933,3,"African Region","LM",0,8.037897311,1.704545455,0,0,0,0,25,37.5,22.80471349,0,0,0,11.80922655
40,579,579,2019,3.492372179,3,"African Region","LM",0,8.037897311,1.704545455,0,0,0,0,25,37.5,22.80471349,0,0,0,11.80922655
40,579,579,2020,3.679515425,3,"African Region","LM",0,8.037897311,1.704545455,0,0,0,0,25,37.5,22.80471349,0,0,0,11.80922655
40,579,579,2021,4.847713601,3,"African Region","LM",0,8.037897311,1.704545455,0,0,0,0,25,37.5,22.80471349,0,0,0,11.80922655
43,336,336,2017,3.300471688,3,"Region of the Americas","UM",0,8.037897311,32.10227273,0,100,48.6599297,55.09129288,100,61.492891,82.25536044,0,29.68397291,0,82.71728807
43,336,336,2018,3.135386898,3,"Region of the Americas","UM",0,8.037897311,32.10227273,0,100,48.6599297,55.09129288,100,61.492891,82.25536044,0,29.68397291,0,82.71728807
43,336,336,2019,3.910080678,3,"Region of the Americas","UM",0,8.037897311,32.10227273,0,100,48.6599297,63.46860158,83.02139037,61.492891,89.38280961,0,29.68397291,26.61654135,84.23226503
43,336,336,2020,4.997868788,3,"Region of the Americas","UM",0,32.15158924,32.10227273,0,100,51.36203866,86.89234828,83.02139037,61.492891,89.38280961,0,29.68397291,26.61654135,85.31395858
43,336,336,2021,5.584402639,3,"Region of the Americas","UM",20.77948113,32.15158924,32.10227273,0,100,56.74428822,71.39102902,83.02139037,31.99052133,41.54316081,0,0,76.80451128,65.57673072
44,87,87,2017,1.971594808,3,"European Region","H",79.22051887,75.88630807,31.98863636,100,41.31175468,41.71792619,31.00263852,25,47.98578199,74.56072089,100,79.68397291,0,37.95270287
44,87,87,2018,1.851881381,3,"European Region","H",79.22051887,75.88630807,32.24431818,100,86.11584327,41.71792619,31.00263852,25,47.98578199,74.56072089,100,79.68397291,0,42.16929273
44,87,87,2019,2.845477795,3,"European Region","H",79.22051887,75.88630807,32.24431818,100,86.11584327,41.71792619,47.75725594,25,47.98578199,74.56072089,100,79.68397291,0,42.16929273
44,87,87,2020,3.656651488,3,"European Region","H",79.22051887,75.88630807,32.24431818,100,86.11584327,44.39806678,47.75725594,25,47.98578199,25.94704251,100,79.68397291,0,42.96370351
44,87,87,2021,3.910195641,3,"European Region","H",79.22051887,75.88630807,32.24431818,100,86.11584327,48.41827768,50.01899736,25,47.98578199,66.10951941,100,100,0,44.38505286
48,480,480,2017,0.702760601,3,"Region of the Americas","UM",0,8.037897311,31.84659091,0,0,5.360281195,4.749340369,8.021390374,6.990521327,27.79602588,0,0,40.11278195,1.709380157
48,480,480,2018,0.892977621,3,"Region of the Americas","UM",0,8.037897311,1.448863636,0,0,5.360281195,4.749340369,16.97860963,22.98578199,23.49842884,0,0,40.11278195,1.709380157
48,480,480,2019,1.38649047,3,"Region of the Americas","UM",0,8.037897311,1.448863636,0,0,5.360281195,4.749340369,16.97860963,22.98578199,23.49842884,0,0,40.11278195,1.709380157
48,480,480,2020,2.77406289,3,"Region of the Americas","UM",0,8.037897311,1.448863636,0,0,5.360281195,4.749340369,16.97860963,22.98578199,23.49842884,0,0,40.11278195,1.709380157
48,480,480,2021,2.934663249,3,"Region of the Americas","UM",0,8.037897311,1.448863636,0,0,5.360281195,4.749340369,16.97860963,22.98578199,18.04556377,0,0,40.11278195,1.139586771
49,100,100,2017,-0.072645525,3,"European Region","H",89.76533019,75.88630807,69.60227273,100,100,53.77855888,70.25065963,83.95721925,63.98104265,94.54713494,78.97033159,59.36794582,53.60902256,75.44204975
49,100,100,2018,0.199379914,3,"European Region","H",89.76533019,83.92420538,69.60227273,100,100,53.77855888,78.62796834,83.95721925,63.98104265,94.54713494,78.97033159,59.36794582,53.60902256,78.47200367
49,100,100,2019,-0.206609056,3,"European Region","H",89.76533019,83.92420538,69.60227273,100,100,53.77855888,78.62796834,83.95721925,63.98104265,94.54713494,78.97033159,59.36794582,53.60902256,78.47200367
49,100,100,2020,0.290118203,3,"European Region","H",89.76533019,83.92420538,100,100,100,53.77855888,75.24643799,91.97860963,50,55.53937153,78.97033159,59.36794582,26.9924812,81.804081
49,100,100,2021,0.900591132,3,"European Region","H",79.22051887,75.88630807,62.64204545,100,100,53.77855888,75.24643799,83.95721925,63.98104265,55.53937153,78.97033159,100,53.60902256,77.76414244
50,514,514,2017,-0.721216612,3,"Region of the Americas","UM",0,8.037897311,1.704545455,0,27.42759796,6.700351494,17.87598945,16.04278075,0,13.36672828,0,29.68397291,26.9924812,0.569793386
50,514,514,2018,1.3252398,3,"Region of the Americas","UM",0,8.037897311,32.10227273,0,27.42759796,4.020210896,32.12401055,25,6.990521327,16.19658041,0,29.68397291,26.9924812,0.569793386
50,514,514,2019,4.079935083,3,"Region of the Americas","UM",0,8.037897311,32.10227273,0,27.42759796,4.020210896,32.12401055,25,6.990521327,16.19658041,0,29.68397291,26.9924812,0.569793386
50,514,514,2020,5.302060515,3,"Region of the Americas","UM",0,8.037897311,31.84659091,0,0,28.22934974,27.37467018,33.02139037,0,16.58937153,0,29.68397291,53.60902256,6.661141691
50,514,514,2021,5.904361908,3,"Region of the Americas","UM",10.23466981,8.037897311,1.448863636,0,44.80408859,8.040421793,17.87598945,33.02139037,6.990521327,15.42255083,0,29.68397291,0,4.786383247
51,172,172,2017,1.687038647,3,"African Region","LM",0,8.037897311,32.10227273,0,41.31175468,38.99384886,29.74934037,66.04278075,38.98104265,33.64168207,0,0,0,25.95475954
51,172,172,2018,2.427518111,3,"African Region","LM",0,8.037897311,32.10227273,0,41.31175468,38.99384886,29.74934037,66.04278075,38.98104265,39.09454713,0,0,0,26.52455292
51,172,172,2019,2.710188876,3,"African Region","LM",0,8.037897311,32.10227273,0,41.31175468,38.99384886,29.74934037,66.04278075,38.98104265,22.73595194,0,0,0,24.81517277
51,172,172,2020,3.22272733,3,"African Region","LM",0,8.037897311,32.10227273,0,27.42759796,38.99384886,29.74934037,50,31.99052133,34.99602588,0,20.31602709,0,18.68774724
51,172,172,2021,3.782548174,3,"African Region","LM",0,8.037897311,32.10227273,0,27.42759796,38.99384886,29.74934037,50,31.99052133,34.99602588,0,20.31602709,0,18.68774724
53,20,20,2017,-0.930977871,3,"Eastern Mediterranean Region","LM",0,32.15158924,1.448863636,0,6.942078365,8.040421793,28.49604222,33.02139037,15.99526066,21.04898336,57.94066318,50,0,4.169540688
53,20,20,2018,-1.006294063,3,"Eastern Mediterranean Region","LM",89.76533019,75.88630807,84.47443182,100,58.68824532,21.50702988,22.62532982,50,22.98578199,57.92513863,100,79.68397291,0,6.694864974
53,20,20,2019,0.050427496,3,"Eastern Mediterranean Region","LM",89.76533019,75.88630807,53.82102273,100,58.68824532,25.50527241,22.62532982,50,22.98578199,55.85693161,100,79.68397291,26.61654135,10.91145484
53,20,20,2020,1.013200024,3,"Eastern Mediterranean Region","LM",89.76533019,75.88630807,54.33238636,100,58.68824532,22.82513181,22.62532982,50,13.98104265,57.92513863,42.05933682,100,26.61654135,10.91145484
53,20,20,2021,2.513505982,3,"Eastern Mediterranean Region","LM",89.76533019,75.88630807,46.86079545,100,44.80408859,17.44288225,36.87335092,24.06417112,15.99526066,38.71330869,42.05933682,100,26.61654135,24.79778356
56,296,296,2017,2.196036633,3,"European Region","H",68.98584906,0,31.98863636,100,86.11584327,43.01405975,34.49868074,83.95721925,22.98578199,59.23031423,78.97033159,59.36794582,50.18796992,26.69976722
56,296,296,2018,2.413392617,3,"European Region","H",68.98584906,24.11369193,31.98863636,100,86.11584327,48.41827768,42.87598945,83.95721925,22.98578199,54.49695009,78.97033159,59.36794582,50.18796992,34.22632323
56,296,296,2019,3.176627451,3,"European Region","H",68.98584906,8.037897311,31.98863636,100,86.11584327,48.41827768,42.87598945,83.95721925,31.99052133,54.49695009,78.97033159,59.36794582,76.80451128,34.22632323
56,296,296,2020,3.889168804,3,"European Region","H",68.98584906,8.037897311,62.64204545,100,58.68824532,48.41827768,42.87598945,100,25,61.4487061,78.97033159,59.36794582,50.18796992,42.79508306
56,296,296,2021,4.183294038,3,"European Region","H",68.98584906,8.037897311,62.64204545,100,50.17035775,68.80492091,67.09656992,83.95721925,31.99052133,40.79251386,78.97033159,59.36794582,76.80451128,46.7109986
58,434,434,2017,3.55425764,3,"European Region","H",72.37146226,91.96210269,54.33238636,100,63.71379898,52.43848858,72.62532982,75,40.99526066,32.3590573,100,79.68397291,63.30827068,41.0262872
58,434,434,2018,3.411783414,3,"European Region","H",72.37146226,91.96210269,54.33238636,100,86.11584327,49.73637961,81.00263852,91.97860963,31.99052133,79.72504621,100,79.68397291,63.30827068,45.58805304
58,434,434,2019,4.346611138,3,"European Region","H",72.37146226,91.96210269,84.73011364,100,86.11584327,49.75834798,88.12664908,66.97860963,6.990521327,84.02264325,100,79.68397291,63.30827068,39.78734947
58,434,434,2020,4.593974051,3,"European Region","H",72.37146226,91.96210269,84.73011364,100,86.11584327,49.75834798,88.12664908,91.97860963,6.990521327,78.18853974,100,79.68397291,76.80451128,50.94422967
58,434,434,2021,5.094521005,3,"European Region","H",72.37146226,91.96210269,47.37215909,100,86.11584327,70.16695958,83.39630607,91.97860963,6.990521327,77.41451017,100,79.68397291,76.80451128,61.20455609
59,349,349,2017,2.867759172,3,"Western Pacific Region","UM",37.87853774,83.92420538,99.23295455,0,34.36967632,8.040421793,22.62532982,50,34.47867299,24.27245841,0,29.68397291,0,17.03580105
59,349,349,2018,1.901963147,3,"Western Pacific Region","UM",37.87853774,83.92420538,99.23295455,0,34.36967632,8.040421793,22.62532982,50,34.47867299,29.72532348,0,29.68397291,0,17.60559443
59,349,349,2019,2.335008943,3,"Western Pacific Region","UM",37.87853774,91.96210269,99.74431818,0,34.36967632,8.040421793,31.00263852,50,34.47867299,29.72532348,0,29.68397291,26.61654135,20.63554835
59,349,349,2020,2.469494938,3,"Western Pacific Region","UM",37.87853774,91.96210269,69.09090909,0,0,6.700351494,22.62532982,50,20.97156398,25.42772643,0,29.68397291,0,14.90398153
59,349,349,2021,2.742188304,3,"Western Pacific Region","UM",37.87853774,83.92420538,62.38636364,0,34.36967632,44.6397188,18.99736148,33.02139037,13.98104265,25.42772643,0,29.68397291,0,8.673182759
60,589,589,2017,2.830489462,3,"European Region","H",89.76533019,66.07579462,69.34659091,100,55.19591141,74.20913884,76.36781003,100,45.97156398,70.24029575,100,59.36794582,40.11278195,75.75719113
60,589,589,2018,2.622401685,3,"European Region","H",89.76533019,66.07579462,69.34659091,100,48.25383305,68.82688928,84.74511873,91.97860963,31.99052133,70.24029575,100,79.68397291,40.11278195,69.69728329
60,589,589,2019,3.132715918,3,"European Region","H",89.76533019,66.07579462,69.34659091,100,41.31175468,71.50702988,84.74511873,91.97860963,31.99052133,70.24029575,100,79.68397291,40.11278195,64.07516348
60,589,589,2020,3.11675907,3,"European Region","H",100,66.07579462,99.74431818,100,48.25383305,76.88927944,84.74511873,91.97860963,31.99052133,70.24029575,100,79.68397291,40.11278195,75.75719113
60,589,589,2021,3.575538733,3,"European Region","H",100,66.07579462,99.74431818,100,93.05792164,76.88927944,84.74511873,100,45.97156398,73.74048059,100,79.68397291,76.80451128,87.4842274
61,348,348,2017,2.56145632,3,"Western Pacific Region","LM",0,0,1.704545455,0,0,10.74253076,18.99736148,25,13.98104265,7.139833641,0,0,40.11278195,8.83640553
61,348,348,2018,2.330582621,3,"Western Pacific Region","LM",0,0,1.704545455,0,0,10.74253076,18.99736148,25,13.98104265,7.139833641,0,0,40.11278195,8.83640553
61,348,348,2019,6.180140701,3,"Western Pacific Region","LM",62.12146226,75.88630807,31.98863636,100,0,8.040421793,18.99736148,8.021390374,22.98578199,7.139833641,21.02966841,29.68397291,40.11278195,8.83640553
61,348,348,2020,6.732392952,3,"Western Pacific Region","LM",62.12146226,67.84841076,32.24431818,100,0,5.360281195,5.433245383,33.02139037,13.98104265,8.595194085,21.02966841,29.68397291,40.11278195,0.86656682
61,348,348,2021,6.216993333,3,"Western Pacific Region","LM",62.12146226,67.84841076,32.24431818,100,0,5.360281195,5.433245383,33.02139037,13.98104265,8.595194085,21.02966841,29.68397291,40.11278195,0.86656682
63,299,299,2017,0.449992449,3,"European Region","H",82.9009434,100,69.34659091,75.52664188,55.19591141,43.05799649,72.62532982,83.02139037,36.96682464,46.43909427,100,79.68397291,40.11278195,66.43090758
63,299,299,2018,-0.148244347,3,"European Region","H",82.9009434,100,100,75.52664188,100,40.35588752,73.87862797,83.02139037,47.98578199,46.2655268,100,79.68397291,40.11278195,79.73735919
63,299,299,2019,1.344547928,3,"European Region","H",89.76533019,100,100,75.52664188,100,40.35588752,73.87862797,75,47.98578199,47.03955638,100,79.68397291,40.11278195,79.73735919
63,299,299,2020,3.147855082,3,"European Region","H",100,100,100,75.52664188,100,63.46660808,92.87598945,75,47.98578199,44.38539741,100,79.68397291,40.11278195,84.45584974
63,299,299,2021,3.541189966,3,"European Region","H",100,100,100,75.52664188,77.59795571,86.57732865,83.39630607,75,47.98578199,44.38539741,100,100,100,85.44966311
64,71,71,2017,-0.580518658,3,"European Region","UM",100,41.96210269,53.82102273,100,20.82623509,13.44463972,22.62532982,16.04278075,45.97156398,29.34408503,78.97033159,79.68397291,40.11278195,24.6932388
64,71,71,2018,-0.371819025,3,"European Region","UM",100,50,84.21875,100,13.88415673,16.12478032,22.62532982,32.0855615,45.97156398,33.64168207,78.97033159,79.68397291,40.11278195,24.6932388
64,71,71,2019,1.344033077,3,"European Region","UM",89.76533019,58.03789731,53.82102273,100,0,22.84710018,22.62532982,41.97860963,6.990521327,31.39990758,78.97033159,79.68397291,40.11278195,3.9885537
64,71,71,2020,2.87764573,3,"European Region","UM",89.76533019,58.03789731,84.21875,100,27.42759796,8.040421793,31.00263852,50,20.97156398,15.5961183,78.97033159,79.68397291,40.11278195,15.89621428
64,71,71,2021,4.441691573,3,"European Region","UM",100,58.03789731,84.73011364,100,43.22827939,20.18892794,35.75197889,50,27.96208531,21.26820702,78.97033159,79.68397291,0,17.30174423
69,135,135,2017,1.952952781,3,"African Region","UM",0,8.037897311,32.10227273,0,0,5.360281195,13.12664908,0,0,2.322088725,0,0,0,0
69,135,135,2018,2.951265014,3,"African Region","UM",0,8.037897311,32.10227273,0,0,5.360281195,13.12664908,0,0,2.322088725,0,0,0,0
69,135,135,2019,3.084745727,3,"African Region","UM",0,8.037897311,32.10227273,0,0,5.360281195,13.12664908,0,0,2.322088725,0,0,0,0
69,135,135,2020,4.597045819,3,"African Region","UM",0,8.037897311,32.10227273,0,0,5.360281195,13.12664908,0,0,2.322088725,0,0,0,0
69,135,135,2021,5.064197632,3,"African Region","UM",0,8.037897311,1.704545455,0,72.23168654,33.89718805,13.12664908,8.021390374,15.99526066,6.619685767,0,0,26.61654135,10.61059908
71,375,375,2017,0.45964891,3,"Region of the Americas","UM",10.23466981,8.037897311,1.193181818,0,49.82964225,6.744288225,7.124010554,33.02139037,56.99052133,15.20332717,0,0,0,13.01361438
71,375,375,2018,0.758568858,3,"Region of the Americas","UM",10.23466981,8.037897311,1.193181818,0,6.942078365,9.424428822,14.24802111,33.02139037,20.97156398,15.20332717,0,0,0,13.01361438
71,375,375,2019,1.102803106,3,"Region of the Americas","UM",10.23466981,8.037897311,1.193181818,0,6.942078365,9.424428822,14.24802111,33.02139037,20.97156398,15.20332717,0,0,0,13.01361438
71,375,375,2020,1.099973565,3,"Region of the Americas","UM",10.23466981,8.037897311,1.193181818,0,6.942078365,9.424428822,14.24802111,33.02139037,20.97156398,4.297597043,0,0,0,11.87402761
71,375,375,2021,1.473420913,3,"Region of the Americas","UM",10.23466981,8.037897311,1.193181818,0,6.942078365,9.424428822,14.24802111,33.02139037,20.97156398,4.297597043,0,0,0,11.87402761
72,281,281,2017,1.932935617,3,"Region of the Americas","UM",0,0,0,0,0,8.062390158,18.99736148,16.04278075,13.98104265,27.48354898,0,29.68397291,0,2.279173543
72,281,281,2018,4.655604404,3,"Region of the Americas","UM",0,8.037897311,0.681818182,0,0,8.062390158,18.99736148,16.04278075,13.98104265,5.672088725,0,29.68397291,0,0
72,281,281,2019,5.202794592,3,"Region of the Americas","UM",10.23466981,8.037897311,0.681818182,0,13.88415673,8.062390158,4.749340369,16.04278075,13.98104265,5.672088725,0,29.68397291,0,0
72,281,281,2020,6.40552665,3,"Region of the Americas","UM",10.23466981,8.037897311,0.681818182,0,13.88415673,8.062390158,4.749340369,16.04278075,13.98104265,5.672088725,0,29.68397291,0,0
72,281,281,2021,7.427584768,3,"Region of the Americas","UM",10.23466981,8.037897311,1.193181818,0,13.88415673,10.74253076,4.749340369,33.02139037,13.98104265,5.672088725,0,29.68397291,0,0
73,389,389,2017,3.064501294,3,"Region of the Americas","UM",20.77948113,8.037897311,68.94886364,0,0,5.360281195,27.37467018,50,11.492891,29.72532348,0,0,100,2.279173543
73,389,389,2018,4.314983074,3,"Region of the Americas","UM",10.23466981,8.037897311,31.59090909,0,51.74616695,5.360281195,18.99736148,41.97860963,11.492891,34.02292052,0,0,100,2.279173543
73,389,389,2019,4.715883904,3,"Region of the Americas","UM",10.23466981,8.037897311,32.10227273,0,70.65587734,25.54920914,27.37467018,75,45.97156398,34.79695009,0,0,100,36.18086325
73,389,389,2020,5.561245454,3,"Region of the Americas","UM",10.23466981,8.037897311,32.10227273,0,70.65587734,25.54920914,27.37467018,75,45.97156398,29.34408503,0,0,100,35.61106987
73,389,389,2021,5.819279665,3,"Region of the Americas","UM",10.23466981,0,31.59090909,0,44.80408859,20.14499121,20.25065963,25,25,28.57005545,0,0,0,5.925970019
74,516,516,2017,2.637515484,3,"Region of the Americas","LM",0,8.037897311,1.193181818,0,0,16.16871705,25,33.02139037,40.99526066,9.069131238,0,29.68397291,0,0.569793386
74,516,516,2018,3.0250968,3,"Region of the Americas","LM",0,8.037897311,1.448863636,0,0,10.76449912,32.12401055,33.02139037,34.00473934,34.43530499,0,29.68397291,0,2.768056267
74,516,516,2019,3.739526026,3,"Region of the Americas","LM",0,8.037897311,1.448863636,0,0,10.76449912,32.12401055,33.02139037,34.00473934,12.62384473,0,29.68397291,0,0.488882725
74,516,516,2020,4.384954292,3,"Region of the Americas","LM",0,32.15158924,1.448863636,0,0,8.040421793,40.50131926,41.04278075,0,10.74371534,0,29.68397291,0,13.88632873
74,516,516,2021,5.127743868,3,"Region of the Americas","LM",10.23466981,8.037897311,1.448863636,0,49.82964225,36.29173989,28.62796834,25,15.99526066,10.74371534,0,0,26.61654135,12.20046083
75,151,151,2017,0.023255037,3,"European Region","H",100,66.07579462,69.09090909,100,86.11584327,51.09841828,45.25065963,8.021390374,20.97156398,35.18974122,100,59.36794582,53.60902256,34.96013588
75,151,151,2018,0.283995208,3,"European Region","H",100,50,69.09090909,100,86.11584327,51.09841828,52.37467018,24.06417112,20.97156398,30.89214418,100,79.68397291,53.60902256,34.96013588
75,151,151,2019,0.53051917,3,"European Region","H",100,66.07579462,69.09090909,100,93.05792164,51.09841828,45.25065963,50,13.98104265,39.48733826,100,79.68397291,53.60902256,23.85030485
75,151,151,2020,1.338573502,3,"European Region","H",89.76533019,58.03789731,69.09090909,100,93.05792164,53.77855888,52.37467018,50,13.98104265,39.48733826,100,79.68397291,53.60902256,23.85030485
75,151,151,2021,1.938252743,3,"European Region","H",100,41.96210269,69.09090909,100,20.82623509,22.82513181,14.24802111,16.04278075,20.97156398,36.39121996,100,79.68397291,53.60902256,26.52695616
81,117,117,2017,3.124856313,3,"Eastern Mediterranean Region","LM",72.37146226,66.07579462,84.73011364,100,70.65587734,37.60984183,35.75197889,50,50,79.29759704,42.05933682,50,53.60902256,23.57521952
81,117,117,2018,2.748111434,3,"Eastern Mediterranean Region","LM",72.37146226,74.11369193,84.73011364,100,77.59795571,40.28998243,42.87598945,58.02139037,50,79.29759704,42.05933682,79.68397291,53.60902256,20.5452656
81,117,117,2019,4.558152016,3,"Eastern Mediterranean Region","LM",72.37146226,74.11369193,84.21875,100,55.19591141,25.54920914,42.87598945,24.06417112,13.98104265,48.24103512,42.05933682,79.68397291,53.60902256,29.91185498
81,117,117,2020,5.870299818,3,"Eastern Mediterranean Region","LM",72.37146226,66.07579462,84.21875,100,55.19591141,36.31370826,34.49868074,91.97860963,22.98578199,50.56312384,42.05933682,100,53.60902256,35.97176282
81,117,117,2021,7.76799715,3,"Eastern Mediterranean Region","LM",72.37146226,58.03789731,46.86079545,100,100,21.52899824,28.62796834,50,34.47867299,32.34750462,42.05933682,100,40.11278195,37.32980292
82,580,580,2017,1.040115629,3,"Eastern Mediterranean Region","UM",10.23466981,32.15158924,1.193181818,0,0,9.380492091,32.12401055,0,20.97156398,16.37014787,0,20.31602709,0,14.70957833
82,580,580,2018,1.738605222,3,"Eastern Mediterranean Region","UM",62.12146226,91.96210269,31.98863636,100,27.42759796,14.78471002,39.24802111,25,47.98578199,13.36672828,42.05933682,50,0,19.25450921
82,580,580,2019,3.929822515,3,"Eastern Mediterranean Region","UM",72.66627358,100,69.34659091,100,72.23168654,24.18717047,39.24802111,41.97860963,47.98578199,14.14075786,42.05933682,70.31602709,0,23.47109907
82,580,580,2020,4.672156279,3,"Eastern Mediterranean Region","UM",72.66627358,100,99.74431818,100,51.74616695,30.90949033,41.62269129,41.97860963,13.98104265,17.74463956,42.05933682,70.31602709,26.61654135,8.671027243
82,580,580,2021,7.067263552,3,"Eastern Mediterranean Region","UM",72.66627358,100,62.64204545,100,34.36967632,33.58963093,45.93456464,50,45.97156398,28.99399261,42.05933682,100,26.61654135,29.12017879
83,347,347,2017,0.7443891,3,"European Region","H",65.21226415,66.07579462,69.09090909,24.47335812,34.36967632,41.67398946,33.24538259,41.04278075,20.97156398,12.21146026,78.97033159,59.36794582,53.60902256,27.76113671
83,347,347,2018,1.892137736,3,"European Region","H",65.21226415,66.07579462,69.34659091,24.47335812,100,49.75834798,57.12401055,33.02139037,20.97156398,23.11719039,78.97033159,59.36794582,53.60902256,33.68950997
83,347,347,2019,1.295559891,3,"European Region","H",65.21226415,66.07579462,69.09090909,24.47335812,100,49.75834798,59.84063325,33.02139037,34.47867299,28.57005545,78.97033159,59.36794582,53.60902256,47.31739475
83,347,347,2020,2.276727527,3,"European Region","H",65.21226415,66.07579462,69.34659091,24.47335812,100,52.43848858,59.84063325,33.02139037,34.47867299,28.57005545,78.97033159,59.36794582,53.60902256,53.12384636
83,347,347,2021,2.168943403,3,"European Region","H",34.19811321,58.03789731,31.73295455,24.47335812,100,52.43848858,40.50131926,33.02139037,34.47867299,28.57005545,78.97033159,59.36794582,53.60902256,41.58073192
89,506,506,2017,1.570643925,3,"European Region","UM",0,0,31.84659091,0,27.42759796,21.48506151,27.37467018,50,40.99526066,63.8857671,0,0,26.61654135,18.79713949
89,506,506,2018,2.711942632,3,"European Region","UM",10.23466981,24.11369193,1.448863636,0,27.42759796,21.48506151,27.37467018,50,61.492891,63.8857671,0,29.68397291,26.61654135,30.34475854
89,506,506,2019,3.347944899,3,"European Region","UM",10.23466981,16.07579462,1.193181818,0,48.25383305,25.52724077,27.37467018,50,22.98578199,51.69824399,0,29.68397291,26.61654135,12.0354329
89,506,506,2020,4.875483977,3,"European Region","UM",20.77948113,24.11369193,68.94886364,0,20.82623509,30.9314587,41.62269129,50,13.98104265,50.54297597,0,29.68397291,26.61654135,15.68222938
89,506,506,2021,6.379736234,3,"European Region","UM",20.77948113,16.07579462,31.59090909,0,13.88415673,24.16520211,27.37467018,8.021390374,22.98578199,34.02292052,0,29.68397291,26.61654135,16.51880488
90,221,221,2017,-0.991681585,3,"African Region","LM",89.76533019,66.07579462,54.07670455,100,27.42759796,30.90949033,45.25065963,50,50,38.574122,100,79.68397291,26.61654135,14.37788018
90,221,221,2018,-0.305433753,3,"African Region","LM",100,82.15158924,54.07670455,100,27.42759796,30.90949033,45.25065963,50,31.99052133,49.65018484,100,79.68397291,26.61654135,20.27980007
90,221,221,2019,-0.026089101,3,"African Region","LM",89.76533019,66.07579462,53.82102273,100,34.36967632,36.29173989,45.25065963,66.97860963,47.98578199,49.65018484,100,100,26.61654135,37.77787995
90,221,221,2020,0.754309512,3,"African Region","LM",100,66.07579462,84.21875,100,48.25383305,40.33391916,35.75197889,75,47.98578199,26.33983364,100,70.31602709,0,53.49820386
90,221,221,2021,1.223249994,3,"African Region","LM",100,82.15158924,84.73011364,100,48.25383305,44.35413005,59.5176781,66.97860963,47.98578199,42.69842884,100,100,40.11278195,49.49824838
92,471,471,2017,0.611847008,3,"Western Pacific Region","LM",65.80188679,50,100,100,0,22.82513181,9.498680739,0,31.99052133,14.82208872,42.05933682,50,26.9924812,0.569793386
92,471,471,2018,1.138415854,3,"Western Pacific Region","LM",45.02240566,50,61.875,100,27.42759796,33.63356766,17.87598945,41.97860963,13.98104265,12.21146026,42.05933682,50,26.9924812,0
92,471,471,2019,1.67484827,3,"Western Pacific Region","LM",89.76533019,83.92420538,100,100,49.82964225,32.29349736,40.50131926,58.95721925,22.98578199,18.4383549,42.05933682,79.68397291,26.9924812,6.62970122
92,471,471,2020,2.355700276,3,"Western Pacific Region","LM",79.22051887,75.88630807,32.24431818,100,0,24.18717047,27.37467018,50,13.98104265,17.66432532,42.05933682,79.68397291,0,8.553664353
92,471,471,2021,2.789413132,3,"Western Pacific Region","LM",89.76533019,75.88630807,62.38636364,100,49.82964225,26.88927944,40.50131926,50,15.99526066,18.4383549,42.05933682,79.68397291,26.61654135,12.77025422
94,33,33,2017,1.083573947,3,"Western Pacific Region","H",100,83.92420538,84.73011364,100,100,41.69595782,47.62532982,58.02139037,47.98578199,65.62190388,100,79.68397291,100,53.08215305
94,33,33,2018,2.042373451,3,"Western Pacific Region","H",100,91.96210269,83.28125,100,100,41.67398946,56.00263852,66.04278075,81.99052133,69.91950092,100,79.68397291,100,57.62708393
94,33,33,2019,2.748755155,3,"Western Pacific Region","H",100,100,84.73011364,100,100,41.67398946,64.1525066,66.04278075,81.99052133,69.14547135,100,79.68397291,100,68.34874178
94,33,33,2020,3.551701379,3,"Western Pacific Region","H",100,100,84.73011364,100,100,44.35413005,53.0585752,50,61.492891,62.19371534,100,79.68397291,100,59.52652572
94,33,33,2021,4.489224333,3,"Western Pacific Region","H",100,100,100,100,100,94.6397188,50.34195251,50,47.98578199,56.01598891,100,79.68397291,76.80451128,61.865628
95,294,294,2017,0.884027791,3,"Eastern Mediterranean Region","H",0,16.07579462,1.193181818,0,13.88415673,10.72056239,22.62532982,91.97860963,56.99052133,39.00184843,0,0,26.61654135,32.83791698
95,294,294,2018,0.186022985,3,"Eastern Mediterranean Region","H",0,16.07579462,1.193181818,0,13.88415673,10.72056239,22.62532982,91.97860963,56.99052133,39.00184843,0,0,26.61654135,32.83791698
95,294,294,2019,0.66987428,3,"Eastern Mediterranean Region","H",0,16.07579462,0.681818182,0,13.88415673,5.360281195,22.62532982,91.97860963,63.98104265,39.00184843,0,0,26.61654135,32.83791698
95,294,294,2020,1.152338885,3,"Eastern Mediterranean Region","H",0,16.07579462,0.681818182,0,13.88415673,2.680140598,22.62532982,91.97860963,63.98104265,39.00184843,0,20.31602709,26.61654135,32.83791698
95,294,294,2021,1.384016039,3,"Eastern Mediterranean Region","H",0,16.07579462,1.193181818,0,0,2.680140598,22.62532982,91.97860963,47.98578199,40.54990758,0,70.31602709,26.61654135,32.83791698
97,123,123,2017,-0.213218107,3,"Eastern Mediterranean Region","LM",10.23466981,16.07579462,31.59090909,0,6.942078365,17.42091388,16.62269129,25,22.98578199,7.139833641,0,50,53.60902256,3.029953917
97,123,123,2018,0.537440696,3,"Eastern Mediterranean Region","LM",10.23466981,16.07579462,1.193181818,0,34.36967632,25.54920914,25,41.97860963,22.98578199,9.969685767,0,50,53.60902256,4.216589862
97,123,123,2019,0.994089508,3,"Eastern Mediterranean Region","LM",72.66627358,50,69.09090909,100,34.36967632,25.54920914,25,50,22.98578199,9.969685767,0,79.68397291,53.60902256,4.216589862
97,123,123,2020,1.27415895,3,"Eastern Mediterranean Region","LM",62.12146226,50,31.73295455,100,6.942078365,28.2513181,31.80105541,50,22.98578199,42.67264325,0,79.68397291,53.60902256,7.22153344
97,123,123,2021,1.709639832,3,"Eastern Mediterranean Region","LM",62.12146226,41.96210269,31.73295455,100,6.942078365,29.56942004,29.42638522,33.02139037,22.98578199,7.913863216,0,79.68397291,53.60902256,8.406152074
99,49,49,2017,1.985955688,3,"Eastern Mediterranean Region","UM",0,0,0.681818182,0,0,9.380492091,7.124010554,8.021390374,6.990521327,21.81146026,0,0,0,2.279173543
99,49,49,2018,1.539012228,3,"Eastern Mediterranean Region","UM",20.77948113,8.037897311,38.80681818,0,56.77172061,12.10456942,7.124010554,8.021390374,13.98104265,11.24935305,0,20.31602709,0,0.488882725
99,49,49,2019,2.862520509,3,"Eastern Mediterranean Region","UM",89.76533019,75.88630807,68.83522727,100,0,8.040421793,13.12664908,50,13.98104265,14.09158965,0,50,0,0.488882725
99,49,49,2020,4.381540959,3,"Eastern Mediterranean Region","UM",89.76533019,51.77261614,68.83522727,100,0,6.700351494,13.12664908,16.04278075,13.98104265,0,0,79.68397291,0,0
99,49,49,2021,5.612103729,3,"Eastern Mediterranean Region","UM",100,51.77261614,99.23295455,100,0,9.380492091,13.12664908,8.021390374,13.98104265,0,0,79.68397291,0,0
102,419,419,2017,1.607223982,3,"African Region","LM",0,8.037897311,32.10227273,0,20.82623509,13.44463972,20.25065963,16.04278075,6.990521327,11.29852126,0,0,0,11.99836481
102,419,419,2018,2.018925829,3,"African Region","LM",0,8.037897311,0.9375,0,27.42759796,0,18.99736148,16.04278075,13.98104265,11.29852126,0,0,0,6.376244999
102,419,419,2019,2.402651285,3,"African Region","LM",0,8.037897311,0.9375,0,27.42759796,0,18.99736148,16.04278075,13.98104265,11.29852126,0,0,0,6.376244999
102,419,419,2020,3.904240102,3,"African Region","LM",10.23466981,8.037897311,32.10227273,0,0,5.360281195,15.27387863,33.02139037,25,14.14075786,0,40.63205418,0,2.302927026
102,419,419,2021,4.771095418,3,"African Region","LM",10.23466981,8.037897311,31.84659091,0,49.82964225,6.700351494,0,41.97860963,22.98578199,12.07255083,0,40.63205418,0,4.786383247
104,555,555,2017,3.367883328,3,"European Region","H",31.01415094,8.037897311,38.80681818,0,34.36967632,30.88752197,42.87598945,33.02139037,20.97156398,16.35859519,0,50,0,26.30086477
104,555,555,2018,2.992144301,3,"European Region","H",100,100,69.34659091,51.05328377,86.11584327,44.39806678,42.87598945,33.02139037,20.97156398,23.32486137,42.05933682,79.68397291,0,30.51745463
104,555,555,2019,3.960451955,3,"European Region","H",100,100,69.34659091,51.05328377,86.11584327,38.99384886,42.87598945,33.02139037,20.97156398,23.32486137,42.05933682,79.68397291,0,34.73404449
104,555,555,2020,3.304293739,3,"European Region","H",100,100,69.34659091,51.05328377,86.11584327,38.99384886,42.87598945,33.02139037,20.97156398,23.32486137,42.05933682,79.68397291,0,34.73404449
104,555,555,2021,3.852705573,3,"European Region","H",89.76533019,100,62.13068182,51.05328377,34.36967632,25.61511424,16.75461741,25,20.97156398,21.43022181,42.05933682,79.68397291,0,21.39063976
105,245,245,2017,2.004793126,3,"European Region","H",20.77948113,8.037897311,68.94886364,0,79.17376491,45.73813708,57.25593668,50,13.98104265,35.79020333,57.94066318,50,53.60902256,28.07313819
105,245,245,2018,3.454491613,3,"European Region","H",0,16.07579462,31.59090909,0,86.11584327,45.73813708,48.87862797,66.97860963,13.98104265,32.94796673,57.94066318,50,53.60902256,34.13304603
105,245,245,2019,5.195593151,3,"European Region","H",89.76533019,58.03789731,99.48863636,48.94671623,86.11584327,47.07820738,48.87862797,66.97860963,13.98104265,33.7219963,100,79.68397291,53.60902256,34.13304603
105,245,245,2020,6.861215499,3,"European Region","H",89.76533019,58.03789731,99.74431818,48.94671623,86.11584327,47.07820738,48.87862797,75,20.97156398,39.17486137,100,79.68397291,53.60902256,55.40752451
105,245,245,2021,8.623217767,3,"European Region","H",79.22051887,58.03789731,62.13068182,48.94671623,86.11584327,41.67398946,48.87862797,66.97860963,13.98104265,36.94547135,100,79.68397291,53.60902256,36.41221957
106,237,237,2017,1.063845499,3,"Eastern Mediterranean Region","LM",10.23466981,8.037897311,31.33522727,0,49.82964225,62.14850615,73.89762533,41.97860963,13.98104265,31.27338262,57.94066318,0,50.18796992,42.92183981
106,237,237,2018,1.363742729,3,"Eastern Mediterranean Region","LM",10.23466981,24.11369193,31.84659091,0,49.82964225,56.74428822,81.02163588,83.95721925,20.97156398,31.27338262,57.94066318,0,50.18796992,48.98174765
106,237,237,2019,1.61840365,3,"Eastern Mediterranean Region","LM",79.22051887,58.03789731,47.11647727,100,72.23168654,63.48857645,81.02163588,83.95721925,34.47867299,31.27338262,78.97033159,29.68397291,50.18796992,57.74326838
106,237,237,2020,2.35027408,3,"Eastern Mediterranean Region","LM",89.76533019,58.03789731,84.47443182,100,79.17376491,63.48857645,81.02163588,83.95721925,31.99052133,32.0474122,78.97033159,50,76.80451128,42.08850648
106,237,237,2021,2.61152418,3,"Eastern Mediterranean Region","LM",89.76533019,58.03789731,47.37215909,100,27.42759796,62.12653779,58.37730871,83.95721925,47.98578199,40.46903882,21.02966841,79.68397291,76.80451128,53.71805177
107,84,84,2017,2.387428592,3,"European Region","H",0,24.11369193,0.681818182,0,20.82623509,8.040421793,32.25593668,41.04278075,27.96208531,28.0961183,0,0,0,30.93988167
107,84,84,2018,3.720168752,3,"European Region","H",0,24.11369193,0.681818182,0,20.82623509,8.040421793,32.25593668,41.04278075,27.96208531,28.0961183,0,0,0,30.93988167
107,84,84,2019,4.577861932,3,"European Region","H",0,24.11369193,0.9375,0,0,8.040421793,32.25593668,41.04278075,13.98104265,28.0961183,0,0,0,30.93988167
107,84,84,2020,5.153061573,3,"European Region","H",0,24.11369193,0.9375,0,0,8.040421793,32.25593668,41.04278075,13.98104265,28.0961183,0,0,0,30.93988167
107,84,84,2021,5.451573893,3,"European Region","H",0,24.11369193,1.704545455,0,6.942078365,8.040421793,38.12664908,41.04278075,3.495260664,32.99417745,0,0,0,25.38496615
108,92,92,2017,3.228298958,3,"European Region","UM",0,8.037897311,31.84659091,0,34.36967632,10.72056239,42.87598945,41.97860963,20.97156398,17.66432532,0,29.68397291,40.11278195,3.599747303
108,92,92,2018,4.349692573,3,"European Region","UM",10.23466981,8.037897311,31.84659091,0,79.17376491,10.72056239,41.62269129,50,13.98104265,27.79602588,0,29.68397291,40.11278195,4.739334074
108,92,92,2019,4.860467777,3,"European Region","UM",79.22051887,75.88630807,47.11647727,100,86.11584327,10.72056239,41.62269129,50,13.98104265,22.34316081,42.05933682,59.36794582,40.11278195,8.38613055
108,92,92,2020,6.332090112,3,"European Region","UM",79.22051887,75.88630807,47.11647727,100,58.68824532,12.06063269,41.62269129,50,13.98104265,16.89029575,42.05933682,59.36794582,40.11278195,13.62278878
108,92,92,2021,6.978490457,3,"European Region","UM",79.22051887,75.88630807,47.11647727,100,27.42759796,13.40070299,35.75197889,50,20.97156398,9.069131238,42.05933682,79.68397291,53.60902256,21.70266589
109,360,360,2017,1.845110823,3,"African Region","L",20.77948113,8.037897311,69.46022727,0,27.42759796,65.02636204,7.124010554,8.021390374,31.99052133,19.33890943,0,20.31602709,0,16.65705373
109,360,360,2018,2.418351231,3,"African Region","L",20.77948113,8.037897311,69.46022727,0,27.42759796,65.02636204,7.124010554,8.021390374,31.99052133,19.33890943,0,50,0,16.65705373
109,360,360,2019,2.13778579,3,"African Region","L",89.76533019,75.88630807,100,100,27.42759796,65.02636204,7.124010554,8.021390374,31.99052133,19.33890943,0,79.68397291,0,16.65705373
109,360,360,2020,2.910017479,3,"African Region","L",89.76533019,75.88630807,100,100,27.42759796,65.02636204,7.124010554,8.021390374,31.99052133,19.33890943,57.94066318,79.68397291,0,16.65705373
109,360,360,2021,3.583789118,3,"African Region","L",89.76533019,75.88630807,62.64204545,100,34.36967632,70.38664323,8.377308707,33.02139037,25,13.06580407,57.94066318,50,26.61654135,15.23257026
110,410,410,2017,0.726799602,3,"South-East Asia Region","UM",89.76533019,66.07579462,100,100,48.25383305,10.76449912,26.12137203,16.04278075,20.97156398,23.49842884,42.05933682,29.68397291,0,26.52120811
110,410,410,2018,1.811662738,3,"South-East Asia Region","UM",89.76533019,66.07579462,100,100,48.25383305,16.16871705,26.12137203,16.04278075,47.98578199,23.49842884,42.05933682,50,0,29.55116203
110,410,410,2019,1.954187195,3,"South-East Asia Region","UM",89.76533019,66.07579462,100,100,70.65587734,10.76449912,26.12137203,33.02139037,47.98578199,24.27245841,42.05933682,79.68397291,0,31.06613899
110,410,410,2020,3.386223471,3,"South-East Asia Region","UM",89.76533019,74.11369193,68.83522727,100,0,2.680140598,20.25065963,25,22.98578199,19.97486137,42.05933682,70.31602709,0,9.789257269
110,410,410,2021,3.841942607,3,"South-East Asia Region","UM",89.76533019,58.03789731,62.64204545,100,22.40204429,8.084358524,15.61583113,25,22.98578199,17.90665434,42.05933682,70.31602709,0,3.442513797
111,431,431,2017,1.643924127,3,"Region of the Americas","UM",10.23466981,8.037897311,32.10227273,0,48.25383305,38.99384886,33.37730871,25,34.00473934,19.59362292,0,29.68397291,53.60902256,11.1165453
111,431,431,2018,4.892958409,3,"Region of the Americas","UM",55.27240566,91.96210269,69.60227273,51.05328377,48.25383305,38.99384886,40.50131926,33.02139037,40.99526066,22.0422366,100,59.36794582,53.60902256,14.76334177
111,431,431,2019,4.21738733,3,"Region of the Americas","UM",55.27240566,91.96210269,69.60227273,51.05328377,48.25383305,38.99384886,40.50131926,33.02139037,40.99526066,16.58937153,100,59.36794582,53.60902256,14.19354839
111,431,431,2020,5.812202622,3,"Region of the Americas","UM",55.27240566,83.92420538,99.74431818,51.05328377,70.65587734,34.97363796,48.87862797,25,47.98578199,13.75951941,100,59.36794582,53.60902256,34.39324117
111,431,431,2021,7.114897164,3,"Region of the Americas","UM",44.72759434,75.88630807,31.98863636,51.05328377,27.42759796,25.54920914,50.13192612,33.02139037,15.99526066,13.62060998,42.05933682,59.36794582,26.9924812,13.02371044
113,505,505,2017,0.132329605,3,"European Region","UM",62.12146226,40.18948655,31.73295455,100,34.36967632,26.84534271,16.75461741,41.04278075,29.97630332,78.55822551,42.05933682,50,53.60902256,35.20115444
113,505,505,2018,0.355212729,3,"European Region","UM",62.12146226,48.22738386,31.73295455,100,34.36967632,40.37785589,25.13192612,58.02139037,22.98578199,78.55822551,42.05933682,50,53.60902256,35.20115444
113,505,505,2019,0.648245892,3,"European Region","UM",72.66627358,48.22738386,69.34659091,100,34.36967632,40.37785589,25.13192612,58.02139037,13.98104265,51.57384473,42.05933682,50,53.60902256,34.10031362
113,505,505,2020,1.455475675,3,"European Region","UM",72.66627358,48.22738386,99.74431818,100,34.36967632,43.05799649,25.13192612,58.02139037,27.96208531,13.96719039,42.05933682,50,53.60902256,44.77917354
113,505,505,2021,2.244479488,3,"European Region","UM",72.66627358,48.22738386,62.38636364,100,56.77172061,26.9112478,21.37203166,58.02139037,63.98104265,13.36672828,42.05933682,50,53.60902256,46.0997473
114,475,475,2017,-1.848593927,3,"African Region","L",0,8.037897311,1.704545455,0,0,10.72056239,9.498680739,16.04278075,6.990521327,5.845656192,57.94066318,0,26.61654135,0
114,475,475,2018,0.615907958,3,"African Region","L",10.23466981,8.037897311,1.704545455,0,6.942078365,18.80492091,17.87598945,16.04278075,0,7.139833641,57.94066318,20.31602709,26.61654135,0
114,475,475,2019,1.670524713,3,"African Region","L",44.43278302,75.88630807,32.24431818,51.05328377,6.942078365,18.80492091,17.87598945,16.04278075,0,7.139833641,100,100,26.61654135,0
114,475,475,2020,1.961587507,3,"African Region","L",44.43278302,75.88630807,31.98863636,51.05328377,29.34412266,28.14147627,18.99736148,16.04278075,31.99052133,10.14325323,100,100,26.61654135,0
114,475,475,2021,1.168262792,3,"African Region","L",65.21226415,100,100,51.05328377,43.22827939,22.84710018,34.49868074,25,15.99526066,17.28308688,100,100,26.61654135,21.78762208
117,176,176,2017,1.056459568,3,"European Region","UM",79.22051887,50,31.73295455,100,13.88415673,16.16871705,32.12401055,8.021390374,13.98104265,20.06728281,21.02966841,59.36794582,26.61654135,15.40130568
117,176,176,2018,1.31006417,3,"European Region","UM",89.76533019,41.96210269,69.09090909,100,55.19591141,16.16871705,32.12401055,25,20.97156398,17.66432532,21.02966841,59.36794582,26.61654135,15.97109907
117,176,176,2019,1.498006413,3,"European Region","UM",89.76533019,66.07579462,69.09090909,100,36.28620102,10.72056239,32.12401055,25,6.990521327,2.842236599,21.02966841,59.36794582,26.61654135,5.806451613
117,176,176,2020,2.536592766,3,"European Region","UM",89.76533019,66.07579462,69.09090909,100,36.28620102,9.380492091,27.37467018,8.021390374,13.98104265,2.842236599,21.02966841,59.36794582,0,5.806451613
117,176,176,2021,3.308919408,3,"European Region","UM",89.76533019,50,62.64204545,100,86.11584327,20.16695958,39.37994723,25,22.98578199,3.616266174,21.02966841,79.68397291,0,14.89631336
121,462,462,2017,1.371656783,3,"African Region","UM",89.76533019,75.88630807,69.34659091,100,41.31175468,9.402460457,15.50131926,16.04278075,13.98104265,26.32828096,0,29.68397291,0,7.51583177
121,462,462,2018,1.950000181,3,"African Region","UM",89.76533019,75.88630807,69.09090909,100,27.42759796,17.46485062,0,16.04278075,6.990521327,31.78114603,0,50,0,8.085625155
121,462,462,2019,2.57692948,3,"African Region","UM",89.76533019,75.88630807,69.09090909,100,27.42759796,17.46485062,0,16.04278075,6.990521327,31.78114603,0,50,0,8.085625155
121,462,462,2020,4.365341609,3,"African Region","UM",89.76533019,75.88630807,68.57954545,100,0,17.44288225,0,33.02139037,13.98104265,26.32828096,0,50,0,7.51583177
121,462,462,2021,4.495007848,3,"African Region","UM",89.76533019,75.88630807,61.875,100,41.31175468,28.2513181,29.88126649,33.02139037,13.98104265,33.24889094,0,79.68397291,26.61654135,20.53954221
130,477,477,2017,2.301130277,3,"South-East Asia Region","LM",61.82665094,41.96210269,31.47727273,75.52664188,0,17.46485062,20.25065963,50,22.98578199,16.02088725,42.05933682,29.68397291,0,9.042547078
130,477,477,2018,5.158564656,3,"South-East Asia Region","LM",61.82665094,50,31.47727273,75.52664188,0,20.14499121,20.25065963,50,15.99526066,26.92661738,42.05933682,79.68397291,0,10.18213385
130,477,477,2019,6.039289145,3,"South-East Asia Region","LM",61.82665094,50,31.98863636,75.52664188,27.42759796,21.48506151,27.37467018,50,15.99526066,26.92661738,42.05933682,79.68397291,0,10.18213385
130,477,477,2020,6.291196674,3,"South-East Asia Region","LM",61.82665094,50,31.98863636,75.52664188,29.34412266,28.22934974,27.37467018,50,25,13.36672828,42.05933682,100,26.61654135,8.553664353
130,477,477,2021,6.203051893,3,"South-East Asia Region","LM",61.82665094,50,62.38636364,75.52664188,56.77172061,33.6115993,27.37467018,50,25,24.27245841,42.05933682,100,40.11278195,13.90984099
131,441,441,2017,1.716968537,3,"Western Pacific Region","H",0,0,0.681818182,0,0,0,0,0,0,7.521072089,0,0,13.4962406,14.45612211
131,441,441,2018,1.49713064,3,"Western Pacific Region","H",0,0,0.681818182,0,0,0,0,0,0,7.521072089,0,0,13.4962406,14.45612211
131,441,441,2019,1.362726094,3,"Western Pacific Region","H",0,0,0.681818182,0,0,0,0,0,0,18.42680222,0,0,13.4962406,15.59570888
131,441,441,2020,1.771939317,3,"Western Pacific Region","H",0,0,0.681818182,0,0,0,0,0,0,18.42680222,0,0,13.4962406,15.59570888
131,441,441,2021,1.94182095,3,"Western Pacific Region","H",51.88679245,67.84841076,15.95170455,100,0,0,0,0,0,18.42680222,21.02966841,29.68397291,13.4962406,15.59570888
132,569,569,2017,1.806994973,3,"Western Pacific Region","H",89.76533019,83.92420538,69.34659091,75.52664188,93.05792164,36.31370826,66.62269129,50,31.99052133,76.90027726,100,59.36794582,50.18796992,30.90250019
132,569,569,2018,2.102562138,3,"Western Pacific Region","H",89.76533019,83.92420538,69.34659091,75.52664188,41.31175468,36.31370826,59.49868074,66.97860963,31.99052133,76.90027726,100,29.68397291,50.18796992,31.34028821
132,569,569,2019,2.357990732,3,"Western Pacific Region","H",89.76533019,83.92420538,69.34659091,75.52664188,27.42759796,36.31370826,45.93456464,66.97860963,22.98578199,76.90027726,100,29.68397291,50.18796992,21.097024
132,569,569,2020,2.573194597,3,"Western Pacific Region","H",89.76533019,83.92420538,69.34659091,75.52664188,27.42759796,36.31370826,45.93456464,66.97860963,22.98578199,76.90027726,100,59.36794582,50.18796992,21.097024
132,569,569,2021,2.162547181,3,"Western Pacific Region","H",89.76533019,83.92420538,31.98863636,75.52664188,27.42759796,34.9516696,54.31187335,66.97860963,22.98578199,61.69695009,100,29.68397291,76.80451128,19.95743723
134,1,1,2017,-0.773758553,3,"Eastern Mediterranean Region","LM",82.60613208,83.92420538,100,75.52664188,56.77172061,48.6599297,15.50131926,25,31.99052133,45.32680222,100,79.68397291,13.4962406,7.288135059
134,1,1,2018,-0.545624113,3,"Eastern Mediterranean Region","LM",82.60613208,83.92420538,100,75.52664188,56.77172061,48.6599297,15.50131926,25,31.99052133,45.32680222,100,79.68397291,13.4962406,7.288135059
134,1,1,2019,0.821345157,3,"Eastern Mediterranean Region","LM",82.60613208,75.88630807,99.23295455,75.52664188,34.36967632,49.95606327,15.50131926,25,34.47867299,13.36672828,100,79.68397291,40.11278195,17.54944008
134,1,1,2020,1.686437897,3,"Eastern Mediterranean Region","LM",72.37146226,83.92420538,99.48863636,75.52664188,41.31175468,45.95782074,20.25065963,33.02139037,13.98104265,18.4383549,100,79.68397291,0,9.141221957
134,1,1,2021,2.500008647,3,"Eastern Mediterranean Region","LM",82.60613208,75.88630807,99.48863636,75.52664188,63.71379898,44.61775044,25,25,13.98104265,21.26820702,100,79.68397291,0,15.80236365
136,479,479,2017,0.96796711,3,"Region of the Americas","UM",79.22051887,75.88630807,47.37215909,100,13.88415673,13.44463972,30.09129288,16.04278075,20.97156398,30.79380776,100,59.36794582,13.4962406,10.06071936
136,479,479,2018,2.258368479,3,"Region of the Americas","UM",79.22051887,83.92420538,47.37215909,100,13.88415673,8.040421793,30.09129288,33.02139037,11.492891,30.79380776,100,59.36794582,13.4962406,1.980842246
136,479,479,2019,3.088250228,3,"Region of the Americas","UM",100,100,99.48863636,100,93.05792164,22.80316344,30.09129288,25,15.99526066,34.39768946,100,100,40.11278195,11.81955192
136,479,479,2020,4.745873627,3,"Region of the Americas","UM",100,100,99.74431818,100,65.63032368,13.44463972,32.80791557,33.02139037,6.990521327,15.04131238,100,100,0,16.94501152
136,479,479,2021,6.950879566,3,"Region of the Americas","UM",89.76533019,100,32.24431818,100,20.82623509,24.20913884,22.62532982,16.04278075,13.98104265,11.43743068,100,100,40.11278195,11.42857143
137,513,513,2017,3.908014649,3,"Western Pacific Region","LM",89.76533019,50,99.48863636,100,41.31175468,36.31370826,47.62532982,33.02139037,47.98578199,17.88354898,42.05933682,79.68397291,53.60902256,44.45178643
137,513,513,2018,5.028431003,3,"Western Pacific Region","LM",100,58.03789731,99.48863636,100,55.19591141,38.99384886,47.62532982,41.04278075,47.98578199,23.63650647,42.05933682,79.68397291,53.60902256,52.53166354
137,513,513,2019,5.505099717,3,"Western Pacific Region","LM",100,100,69.09090909,100,34.36967632,28.2513181,47.62532982,41.04278075,20.97156398,20.80665434,42.05933682,79.68397291,53.60902256,46.47175571
137,513,513,2020,6.554908871,3,"Western Pacific Region","LM",89.76533019,100,69.34659091,100,6.942078365,32.24956063,39.24802111,58.02139037,34.47867299,19.43160813,42.05933682,79.68397291,53.60902256,43.87958981
137,513,513,2021,6.755724915,3,"Western Pacific Region","LM",100,100,99.74431818,100,13.88415673,43.05799649,56.00263852,75,34.47867299,19.43160813,42.05933682,79.68397291,53.60902256,51.4544746
138,488,488,2017,-0.434967672,3,"Western Pacific Region","UM",0,0,0.681818182,0,0,0,27.37467018,8.021390374,47.98578199,30.19898336,0,0,0,9.219463883
138,488,488,2018,0.084843415,3,"Western Pacific Region","UM",0,0,0.681818182,0,0,0,11.87335092,33.02139037,31.99052133,30.19898336,0,0,0,1.139586771
138,488,488,2019,0.091546461,3,"Western Pacific Region","UM",0,0,0.681818182,0,0,0,11.87335092,33.02139037,31.99052133,30.19898336,0,0,0,1.139586771
138,488,488,2020,1.581951908,3,"Western Pacific Region","UM",0,0,0.681818182,0,0,0,11.87335092,33.02139037,31.99052133,24.7461183,0,0,0,0.569793386
138,488,488,2021,1.291395754,3,"Western Pacific Region","UM",0,0,0.681818182,0,0,0,11.87335092,33.02139037,31.99052133,24.7461183,0,0,0,0.569793386
141,48,48,2017,0.648912405,3,"South-East Asia Region","L",79.22051887,75.88630807,46.60511364,100,27.42759796,8.084358524,47.64432718,25,13.98104265,75.35221811,42.05933682,29.68397291,26.9924812,13.48211199
141,48,48,2018,-0.47595908,3,"South-East Asia Region","L",79.22051887,75.88630807,46.60511364,100,34.36967632,8.084358524,47.64432718,25,13.98104265,71.05462107,42.05933682,50,26.9924812,13.48211199
141,48,48,2019,-0.481616715,3,"South-East Asia Region","L",68.98584906,75.88630807,46.60511364,100,34.36967632,8.084358524,30.88970976,25,13.98104265,71.05462107,42.05933682,50,26.9924812,13.48211199
141,48,48,2020,1.429777301,3,"South-East Asia Region","L",89.76533019,91.96210269,84.47443182,100,63.71379898,22.82513181,54.76833773,50,22.98578199,73.11044362,42.05933682,50,53.60902256,17.69870185
141,48,48,2021,1.771462376,3,"South-East Asia Region","L",100,91.96210269,84.47443182,100,100,30.88752197,56.80105541,66.97860963,34.47867299,55.25295749,42.05933682,50,53.60902256,45.6753514
143,586,586,2017,-1.275393529,3,"Region of the Americas","UM",0,8.037897311,31.59090909,0,41.31175468,51.38400703,36.87335092,33.02139037,34.00473934,35.57097967,0,29.68397291,0,18.50252722
143,586,586,2018,-0.220658687,3,"Region of the Americas","UM",0,8.037897311,32.10227273,0,13.88415673,48.6599297,36.87335092,50,40.99526066,24.66524954,0,29.68397291,0,17.36294044
143,586,586,2019,1.643530814,3,"Region of the Americas","UM",72.37146226,75.88630807,100,51.05328377,36.28620102,51.38400703,36.87335092,33.02139037,22.98578199,49.02606285,42.05933682,59.36794582,26.61654135,17.81307722
143,586,586,2020,2.037451026,3,"Region of the Americas","UM",72.37146226,75.88630807,100,51.05328377,13.88415673,59.42442882,39.24802111,50,22.98578199,14.26728281,42.05933682,59.36794582,26.61654135,20.41858679
143,586,586,2021,3.032667057,3,"Region of the Americas","UM",72.37146226,75.88630807,62.38636364,51.05328377,51.74616695,58.04042179,69.92770449,83.95721925,22.98578199,14.26728281,42.05933682,59.36794582,40.11278195,32.12735023
146,110,110,2017,8.322710748,3,"European Region","H",0,0,1.448863636,0,63.71379898,48.41827768,31.00263852,66.97860963,13.98104265,70.65591497,57.94066318,29.68397291,40.11278195,17.30057959
146,110,110,2018,7.085439419,3,"European Region","H",0,8.037897311,31.59090909,0,63.71379898,48.41827768,31.00263852,58.95721925,6.990521327,66.35831793,57.94066318,29.68397291,40.11278195,17.30057959
146,110,110,2019,2.93403532,3,"European Region","H",0,8.037897311,31.59090909,0,63.71379898,48.41827768,22.62532982,58.95721925,15.99526066,70.65591497,57.94066318,29.68397291,40.11278195,17.30057959
146,110,110,2020,3.578655231,3,"European Region","H",10.23466981,8.037897311,1.193181818,0,56.77172061,34.92970123,61.6823219,50,15.99526066,20.58687616,57.94066318,29.68397291,40.11278195,18.18748113
146,110,110,2021,4.625372242,3,"European Region","H",10.23466981,8.037897311,1.448863636,0,63.71379898,34.92970123,61.6823219,83.95721925,13.98104265,20.58687616,57.94066318,29.68397291,53.60902256,24.24738897
149,292,292,2017,-0.1085961,3,"Eastern Mediterranean Region","H",100,100,69.09090909,100,41.31175468,24.20913884,57.12401055,33.02139037,29.97630332,55.54556377,42.05933682,50,53.60902256,37.88784017
149,292,292,2018,1.689986769,3,"Eastern Mediterranean Region","H",100,100,99.48863636,100,65.63032368,29.56942004,41.62269129,41.04278075,20.97156398,58.89556377,42.05933682,79.68397291,53.60902256,43.50995999
149,292,292,2019,3.053668768,3,"Eastern Mediterranean Region","H",100,100,99.48863636,100,65.63032368,29.56942004,41.62269129,58.02139037,34.47867299,53.44269871,42.05933682,79.68397291,53.60902256,48.67173342
149,292,292,2020,3.904428717,3,"Eastern Mediterranean Region","H",100,100,99.74431818,100,93.05792164,29.56942004,50,58.02139037,47.98578199,58.89556377,42.05933682,79.68397291,53.60902256,54.97309363
149,292,292,2021,5.441778106,3,"Eastern Mediterranean Region","H",100,100,99.74431818,100,70.65587734,32.271529,50,58.02139037,47.98578199,58.89556377,42.05933682,79.68397291,40.11278195,58.74037473
150,372,372,2017,0.489499058,3,"Eastern Mediterranean Region","L",20.77948113,8.037897311,68.4375,0,34.36967632,13.44463972,15.50131926,25,13.98104265,34.79695009,0,0,0,16.09061747
150,372,372,2018,1.377043158,3,"Eastern Mediterranean Region","L",89.76533019,58.03789731,69.60227273,100,6.942078365,13.44463972,7.124010554,25,20.97156398,29.34408503,100,50,0,11.30423423
150,372,372,2019,1.872508458,3,"Eastern Mediterranean Region","L",89.76533019,58.03789731,99.48863636,100,48.25383305,26.88927944,15.50131926,25,20.97156398,32.72874307,100,79.68397291,0,17.49614743
150,372,372,2020,3.369152108,3,"Eastern Mediterranean Region","L",79.22051887,58.03789731,62.13068182,100,65.63032368,26.88927944,15.50131926,25,20.97156398,55.8512939,100,79.68397291,26.61654135,22.93665348
150,372,372,2021,4.476160878,3,"Eastern Mediterranean Region","L",79.22051887,58.03789731,62.13068182,100,0,32.24956063,34.5176781,58.95721925,20.97156398,64.42902033,100,79.68397291,0,27.91637646
154,29,29,2017,-0.577499891,3,"African Region","L",10.23466981,8.037897311,32.10227273,0,36.28620102,0,27.37467018,8.021390374,13.98104265,9.36922366,0,29.68397291,0,0
154,29,29,2018,-0.526739232,3,"African Region","L",72.66627358,75.88630807,100,100,51.74616695,0,4.749340369,8.021390374,25,28.57005545,42.05933682,59.36794582,0,1.709380157
154,29,29,2019,-0.465467503,3,"African Region","L",72.66627358,75.88630807,69.60227273,100,0,0,0,25,12.5,28.57005545,42.05933682,59.36794582,0,1.709380157
154,29,29,2020,-0.225842114,3,"African Region","L",51.88679245,75.88630807,62.64204545,100,0,2.680140598,0,33.02139037,11.492891,28.57005545,42.05933682,29.68397291,0,1.709380157
154,29,29,2021,0.585989055,3,"African Region","L",82.9009434,83.92420538,100,100,6.942078365,5.382249561,8.377308707,33.02139037,15.99526066,25.17301294,42.05933682,70.31602709,0,1.139586771
155,549,549,2017,1.114320844,3,"Region of the Americas","LM",20.77948113,24.11369193,31.33522727,0,48.25383305,16.08084359,39.37994723,33.02139037,20.97156398,33.64168207,0,29.68397291,63.30827068,29.22856906
155,549,549,2018,1.181157225,3,"Region of the Americas","LM",20.77948113,24.11369193,31.33522727,0,48.25383305,16.08084359,39.37994723,33.02139037,20.97156398,17.28308688,0,29.68397291,63.30827068,27.5191889
155,549,549,2019,1.970074886,3,"Region of the Americas","LM",20.77948113,24.11369193,31.33522727,0,48.25383305,16.08084359,39.37994723,33.02139037,20.97156398,17.28308688,0,29.68397291,63.30827068,27.5191889
155,549,549,2020,3.797885628,3,"Region of the Americas","LM",20.77948113,24.11369193,31.33522727,0,48.25383305,16.08084359,39.37994723,33.02139037,20.97156398,17.28308688,0,29.68397291,63.30827068,27.5191889
155,549,549,2021,5.485669799,3,"Region of the Americas","LM",20.77948113,24.11369193,31.33522727,0,48.25383305,16.08084359,39.37994723,33.02139037,20.97156398,22.73595194,0,29.68397291,63.30827068,28.08898229
157,456,456,2017,1.355623008,3,"Eastern Mediterranean Region","L",0,0,1.448863636,0,0,2.680140598,13.12664908,16.97860963,3.495260664,6.951756007,0,0,0,0.488882725
157,456,456,2018,1.64399052,3,"Eastern Mediterranean Region","L",0,0,1.448863636,0,0,2.680140598,13.12664908,16.97860963,3.495260664,6.951756007,0,0,0,0.488882725
157,456,456,2019,0.810441572,3,"Eastern Mediterranean Region","L",0,0,1.448863636,0,0,2.680140598,13.12664908,16.97860963,3.495260664,6.951756007,0,0,0,0.488882725
157,456,456,2020,1.211120415,3,"Eastern Mediterranean Region","L",79.22051887,58.03789731,46.86079545,100,56.77172061,13.44463972,27.37467018,25,7.997630332,8.687892791,42.05933682,50,100,4.216589862
157,456,456,2021,1.488213337,3,"Eastern Mediterranean Region","L",79.22051887,58.03789731,16.20738636,100,6.942078365,6.722319859,8.377308707,25,7.997630332,5.845656192,42.05933682,79.68397291,0,0
158,284,284,2017,0.150424883,3,"European Region","UM",0,16.07579462,1.448863636,0,77.59795571,24.20913884,34.49868074,83.02139037,45.97156398,45.79510166,0,29.68397291,26.61654135,42.9401666
158,284,284,2018,1.248283341,3,"European Region","UM",20.77948113,16.07579462,38.55113636,0,77.59795571,26.88927944,42.87598945,66.04278075,20.97156398,45.79510166,0,29.68397291,26.61654135,36.88025877
158,284,284,2019,1.922554059,3,"European Region","UM",89.76533019,83.92420538,100,100,41.31175468,28.22934974,42.87598945,66.04278075,34.47867299,44.70859519,42.05933682,59.36794582,26.61654135,33.3429093
158,284,284,2020,2.782474276,3,"European Region","UM",89.76533019,83.92420538,99.74431818,100,41.31175468,28.22934974,63.92506596,66.04278075,47.98578199,31.39990758,42.05933682,59.36794582,26.61654135,40.77347002
158,284,284,2021,3.545216134,3,"European Region","UM",89.76533019,83.92420538,62.64204545,100,48.25383305,29.56942004,71.04907652,66.04278075,47.98578199,32.17393715,42.05933682,59.36794582,76.80451128,52.62344812
159,572,572,2017,2.58701183,3,"African Region","L",0,0,1.704545455,0,0,0,0,0,0,1.54805915,0,0,0,0
159,572,572,2018,2.220010976,3,"African Region","L",0,0,1.704545455,0,0,0,0,0,0,1.54805915,0,0,0,0
159,572,572,2019,1.872434872,3,"African Region","L",0,0,1.704545455,0,0,0,0,0,0,1.54805915,0,0,0,0
159,572,572,2020,2.080590738,3,"African Region","L",0,24.11369193,31.33522727,0,0,0,0,16.97860963,0,0,0,20.31602709,0,0
159,572,572,2021,2.030488894,3,"African Region","L",0,8.037897311,31.59090909,0,22.40204429,1.340070299,11.87335092,33.02139037,0,4.297597043,0,20.31602709,0,0
161,224,224,2017,1.059242614,3,"Region of the Americas","UM",0,0,1.193181818,0,63.71379898,30.90949033,22.62532982,33.02139037,6.990521327,7.913863216,0,0,26.61654135,0
161,224,224,2018,1.170614743,3,"Region of the Americas","UM",10.23466981,0,0.9375,0,63.71379898,30.90949033,15.50131926,33.02139037,13.98104265,7.913863216,0,0,26.61654135,0
161,224,224,2019,1.611856403,3,"Region of the Americas","UM",20.77948113,16.07579462,68.94886364,0,41.31175468,30.90949033,34.49868074,33.02139037,22.98578199,7.913863216,0,0,26.61654135,8.079877112
161,224,224,2020,2.653542743,3,"Region of the Americas","UM",20.77948113,16.07579462,68.94886364,0,41.31175468,30.90949033,34.49868074,33.02139037,22.98578199,7.913863216,0,0,26.61654135,8.079877112
161,224,224,2021,3.501248673,3,"Region of the Americas","UM",20.77948113,16.07579462,68.94886364,0,41.31175468,30.90949033,34.49868074,33.02139037,22.98578199,7.913863216,0,0,26.61654135,8.079877112
162,155,155,2017,-0.687994557,3,"European Region","H",10.23466981,8.037897311,1.193181818,0,72.23168654,40.33391916,28.62796834,49.06417112,34.47867299,72.11210721,57.94066318,29.68397291,40.11278195,53.46488024
162,155,155,2018,0.425573145,3,"European Region","H",20.77948113,32.15158924,38.80681818,0,79.17376491,43.01405975,42.87598945,49.06417112,34.47867299,81.48133087,57.94066318,29.68397291,40.11278195,53.46488024
162,155,155,2019,3.538634047,3,"European Region","H",72.37146226,50,84.21875,75.52664188,79.17376491,45.69420035,42.87598945,49.06417112,34.47867299,84.31118299,100,59.36794582,40.11278195,53.46488024
162,155,155,2020,5.078932089,3,"European Region","H",82.60613208,50,84.21875,75.52664188,34.36967632,40.28998243,42.87598945,49.06417112,34.47867299,35.69750462,100,59.36794582,40.11278195,45.8261113
162,155,155,2021,6.354399391,3,"European Region","H",72.37146226,41.96210269,46.86079545,75.52664188,34.36967632,45.69420035,42.87598945,49.06417112,47.98578199,35.69750462,100,59.36794582,53.60902256,48.66597305
163,72,72,2017,-1.430561648,3,"European Region","H",68.98584906,50,31.73295455,100,55.19591141,37.65377856,58.14986807,25,15.99526066,37.71654344,42.05933682,59.36794582,40.11278195,36.75060771
163,72,72,2018,0.423610175,3,"European Region","H",79.22051887,50,31.98863636,100,100,37.65377856,58.14986807,58.02139037,15.99526066,37.71654344,42.05933682,59.36794582,40.11278195,44.83048482
163,72,72,2019,2.175845518,3,"European Region","H",89.76533019,83.92420538,69.34659091,100,100,41.67398946,65.27387863,75,31.99052133,33.59251386,42.05933682,59.36794582,40.11278195,55.10698252
163,72,72,2020,2.2645003,3,"European Region","H",79.22051887,83.92420538,31.98863636,100,100,38.99384886,65.27387863,83.95721925,22.98578199,33.59251386,42.05933682,59.36794582,26.61654135,47.0271054
163,72,72,2021,1.398704083,3,"European Region","H",89.76533019,83.92420538,31.98863636,100,100,38.99384886,67.99050132,91.97860963,22.98578199,15.73502773,42.05933682,59.36794582,40.11278195,53.47851302
164,11,11,2017,2.014292754,3,"European Region","H",82.60613208,82.15158924,69.34659091,75.52664188,100,72.86906854,83.49182058,75,63.98104265,62.49112754,100,79.68397291,40.11278195,85.48036772
164,11,11,2018,2.023567897,3,"European Region","H",82.60613208,82.15158924,69.34659091,75.52664188,100,72.86906854,91.86912929,75,63.98104265,66.78872458,100,79.68397291,40.11278195,85.48036772
164,11,11,2019,2.35141544,3,"European Region","H",82.60613208,82.15158924,69.34659091,75.52664188,100,72.86906854,91.86912929,75,63.98104265,66.78872458,100,79.68397291,40.11278195,85.48036772
164,11,11,2020,2.286069712,3,"European Region","H",82.60613208,100,69.34659091,75.52664188,100,72.86906854,91.86912929,75,63.98104265,66.78872458,100,79.68397291,40.11278195,85.48036772
164,11,11,2021,2.828450585,3,"European Region","H",82.60613208,100,69.60227273,75.52664188,100,72.86906854,89.1525066,75,34.47867299,48.58761553,100,100,53.60902256,82.5543419
167,19,19,2017,2.6611238,3,"Eastern Mediterranean Region","L",0,0,1.704545455,0,0,62.36818981,57.12401055,0,13.507109,42.87171904,0,0,0,14.71388936
167,19,19,2018,1.786096563,3,"Eastern Mediterranean Region","L",0,0,32.10227273,0,0,59.68804921,27.37467018,0,17.00236967,28.69713494,0,0,0,14.71388936
167,19,19,2019,2.314531276,3,"Eastern Mediterranean Region","L",62.12146226,75.88630807,32.24431818,100,56.77172061,65.0483304,20.25065963,33.02139037,15.99526066,46.9702403,21.02966841,50,0,6.799252334
167,19,19,2020,3.162043049,3,"Eastern Mediterranean Region","L",62.12146226,75.88630807,31.22159091,100,56.77172061,67.728471,39.26701847,25,25,53.9219963,21.02966841,50,0,14.53770879
167,19,19,2021,3.777196202,3,"Eastern Mediterranean Region","L",62.12146226,75.88630807,62.64204545,100,56.77172061,10.74253076,23.99313984,33.02139037,22.98578199,37.7767098,21.02966841,79.68397291,40.11278195,7.905254402
168,63,63,2017,1.80605913,3,"African Region","L",0,8.037897311,1.704545455,0,0,18.84885764,20.25065963,0,31.99052133,15.76968577,0,0,0,0
168,63,63,2018,2.028046505,3,"African Region","L",89.76533019,75.88630807,54.33238636,100,0,13.44463972,20.25065963,25,31.99052133,20.06728281,0,29.68397291,0,0
168,63,63,2019,2.682786309,3,"African Region","L",89.76533019,75.88630807,54.33238636,100,0,13.44463972,20.25065963,25,31.99052133,20.06728281,0,50,0,0
168,63,63,2020,3.213740984,3,"African Region","L",89.76533019,75.88630807,84.73011364,100,0,54.26186292,20.25065963,25,31.99052133,3.616266174,0,50,0,4.35483871
168,63,63,2021,3.803415298,3,"African Region","L",79.22051887,75.88630807,16.97443182,100,22.40204429,18.84885764,13.12664908,0,12.5,7.913863216,0,50,0,0
171,565,565,2017,0.549801115,3,"European Region","LM",0,8.037897311,31.33522727,0,34.36967632,22.84710018,48.74670185,66.04278075,27.48815166,82.25536044,0,0,63.30827068,38.46105232
171,565,565,2018,0.901068477,3,"European Region","LM",72.66627358,82.15158924,99.74431818,100,27.42759796,22.84710018,48.74670185,58.02139037,34.47867299,77.9577634,21.02966841,29.68397291,63.30827068,38.46105232
171,565,565,2019,1.40742734,3,"European Region","LM",62.12146226,58.03789731,62.64204545,100,56.77172061,20.16695958,41.62269129,8.021390374,12.5,77.18373383,21.02966841,29.68397291,63.30827068,16.24139026
171,565,565,2020,2.000671513,3,"European Region","LM",72.66627358,82.15158924,99.74431818,100,56.77172061,21.52899824,39.26701847,50,31.99052133,24.27245841,21.02966841,29.68397291,0,8.95895389
171,565,565,2021,3.405461636,3,"European Region","LM",62.12146226,58.03789731,32.24431818,100,0,39.25746924,32.14300792,50,22.98578199,22.20425139,21.02966841,29.68397291,0,6.919783383
172,377,377,2017,3.432341367,3,"European Region","UM",72.66627358,40.18948655,99.48863636,100,27.42759796,16.10281195,35.75197889,0,13.98104265,23.49842884,0,29.68397291,0,5.925970019
172,377,377,2018,2.732929867,3,"European Region","UM",72.66627358,40.18948655,99.48863636,100,27.42759796,16.10281195,35.75197889,16.04278075,13.98104265,23.49842884,0,59.36794582,0,5.925970019
172,377,377,2019,2.617562157,3,"European Region","UM",72.66627358,40.18948655,99.48863636,100,0,9.424428822,27.37467018,50,13.98104265,23.49842884,0,59.36794582,26.61654135,1.709380157
172,377,377,2020,2.399775618,3,"European Region","UM",72.66627358,40.18948655,99.48863636,100,0,14.78471002,27.37467018,16.04278075,13.98104265,24.27245841,0,59.36794582,26.61654135,1.709380157
172,377,377,2021,2.901277188,3,"European Region","UM",72.66627358,24.11369193,61.875,100,13.88415673,12.10456942,13.12664908,50,20.97156398,25.42772643,0,59.36794582,0,11.87402761
174,495,495,2017,2.374202155,3,"Western Pacific Region","UM",51.88679245,67.84841076,61.61931818,100,6.942078365,8.084358524,18.99736148,16.04278075,50,38.48170055,21.02966841,29.68397291,26.61654135,1.709380157
174,495,495,2018,3.356912666,3,"Western Pacific Region","UM",51.88679245,67.84841076,61.61931818,100,6.942078365,8.084358524,18.99736148,16.04278075,50,38.48170055,21.02966841,59.36794582,26.61654135,1.709380157
174,495,495,2019,4.647507516,3,"Western Pacific Region","UM",51.88679245,67.84841076,61.61931818,100,6.942078365,8.084358524,18.99736148,16.04278075,50,38.48170055,21.02966841,59.36794582,26.61654135,1.709380157
174,495,495,2020,5.523946657,3,"Western Pacific Region","UM",51.88679245,67.84841076,61.61931818,100,6.942078365,8.084358524,18.99736148,16.04278075,50,38.48170055,21.02966841,59.36794582,26.61654135,1.709380157
174,495,495,2021,6.053206398,3,"Western Pacific Region","UM",82.9009434,83.92420538,99.74431818,100,0,10.76449912,0,0,31.99052133,23.49842884,21.02966841,59.36794582,26.61654135,1.709380157
175,65,65,2017,0.417714412,3,"Region of the Americas","H",0,8.037897311,32.10227273,0,0,21.52899824,17.87598945,25,25,29.81774492,0,0,26.61654135,0.569793386
175,65,65,2018,1.495184813,3,"Region of the Americas","H",10.23466981,8.037897311,32.10227273,0,0,18.82688928,17.87598945,25,12.5,40.72347505,0,0,26.61654135,1.709380157
175,65,65,2019,2.137731164,3,"Region of the Americas","H",10.23466981,24.11369193,32.10227273,0,6.942078365,24.18717047,17.87598945,58.95721925,12.5,45.02107209,0,0,0,7.769287991
175,65,65,2020,2.733053484,3,"Region of the Americas","H",0,8.037897311,31.59090909,0,13.88415673,5.360281195,34.49868074,16.04278075,13.98104265,22.72439926,0,20.31602709,26.61654135,9.789257269
175,65,65,2021,4.124727855,3,"Region of the Americas","H",10.23466981,24.11369193,1.448863636,0,29.34412266,12.08260105,27.37467018,50,11.492891,34.92347505,0,50,26.61654135,3.9885537
176,370,370,2017,1.25680567,3,"Eastern Mediterranean Region","LM",31.01415094,16.07579462,67.75568182,0,20.82623509,24.20913884,31.00263852,33.02139037,31.99052133,73.66016636,0,50,0,16.56013066
176,370,370,2018,2.719998625,3,"Eastern Mediterranean Region","LM",20.77948113,16.07579462,68.94886364,0,20.82623509,24.20913884,22.62532982,33.02139037,31.99052133,77.9577634,0,50,0,16.56013066
176,370,370,2019,4.973405701,3,"Eastern Mediterranean Region","LM",89.76533019,83.92420538,99.74431818,100,41.31175468,14.80667838,31.00263852,50,22.98578199,76.49001848,21.02966841,79.68397291,0,10.93801084
176,370,370,2020,6.195049056,3,"Eastern Mediterranean Region","LM",89.76533019,75.88630807,69.09090909,100,29.34412266,16.12478032,31.00263852,50,22.98578199,28.57005545,21.02966841,100,26.61654135,7.51583177
176,370,370,2021,7.718644972,3,"Eastern Mediterranean Region","LM",79.22051887,75.88630807,31.73295455,100,41.31175468,13.44463972,31.00263852,25,6.990521327,29.17051756,78.97033159,100,49.81203008,13.44180179
177,8,8,2017,-0.212069275,3,"European Region","UM",10.23466981,0,31.59090909,0,55.19591141,13.44463972,51.25329815,58.02139037,47.98578199,90.53807763,57.94066318,29.68397291,26.61654135,48.35326539
177,8,8,2018,0.419703087,3,"European Region","UM",45.02240566,16.07579462,31.59090909,0,100,21.55096661,42.87598945,50,47.98578199,88.48225508,100,59.36794582,26.61654135,44.48997814
177,8,8,2019,1.304170488,3,"European Region","UM",45.02240566,40.18948655,31.59090909,0,100,24.25307557,28.62796834,50,34.47867299,88.48225508,100,59.36794582,26.61654135,44.48997814
177,8,8,2020,2.48126007,3,"European Region","UM",55.56721698,16.07579462,68.94886364,0,100,24.23110721,28.62796834,50,47.98578199,88.48225508,100,59.36794582,26.61654135,48.706568
177,8,8,2021,3.095968442,3,"European Region","UM",45.02240566,16.07579462,31.59090909,0,100,26.93321617,28.62796834,50,47.98578199,92.77985213,100,59.36794582,40.11278195,48.706568
178,76,76,2017,-0.405135902,3,"Western Pacific Region","UM",0,0,32.10227273,0,20.82623509,8.084358524,43.99736148,8.021390374,40.99526066,54.15868762,0,0,0,9.789257269
178,76,76,2018,-0.194253294,3,"Western Pacific Region","UM",0,0,31.59090909,0,0,2.680140598,43.99736148,8.021390374,6.990521327,34.83133087,0,0,0,8.649670498
178,76,76,2019,-0.339614625,3,"Western Pacific Region","UM",0,0,31.59090909,0,0,2.680140598,43.99736148,8.021390374,6.990521327,45.737061,0,0,0,9.789257269
178,76,76,2020,1.308558954,3,"Western Pacific Region","UM",0,0,31.59090909,0,0,2.680140598,43.99736148,8.021390374,6.990521327,45.737061,0,0,0,9.789257269
178,76,76,2021,1.266052392,3,"Western Pacific Region","UM",51.88679245,67.84841076,62.13068182,100,0,2.680140598,43.99736148,8.021390374,6.990521327,45.737061,21.02966841,29.68397291,0,9.789257269
180,345,345,2017,2.827635238,3,"African Region","L",0,8.037897311,1.193181818,0,6.942078365,13.40070299,40.50131926,8.021390374,6.990521327,12.45378928,57.94066318,50,0,1.139586771
180,345,345,2018,3.135779836,3,"African Region","L",89.76533019,83.92420538,54.07670455,100,6.942078365,24.20913884,23.74670185,50,22.98578199,19.97486137,100,79.68397291,0,1.709380157
180,345,345,2019,3.116266655,3,"African Region","L",89.76533019,83.92420538,54.07670455,100,6.942078365,24.20913884,23.74670185,50,22.98578199,19.97486137,100,79.68397291,0,1.709380157
180,345,345,2020,3.480685494,3,"African Region","L",89.76533019,83.92420538,84.21875,100,63.71379898,29.5913884,40.50131926,50,15.99526066,21.26820702,100,79.68397291,0,13.62494429
180,345,345,2021,3.705343673,3,"African Region","L",100,75.88630807,84.47443182,100,63.71379898,40.33391916,52.05171504,50,22.98578199,30.1181146,100,79.68397291,50.18796992,16.50954145
181,201,201,2017,2.854216144,3,"European Region","LM",0,8.037897311,30.90909091,0,0,18.82688928,27.37467018,16.04278075,11.492891,3.616266174,57.94066318,29.68397291,100,0
181,201,201,2018,2.485726105,3,"European Region","LM",10.23466981,8.037897311,31.59090909,0,27.42759796,18.82688928,35.75197889,50,7.997630332,3.616266174,57.94066318,29.68397291,100,0
181,201,201,2019,2.381491287,3,"European Region","LM",27.62853774,41.96210269,0.255681818,0,34.36967632,26.88927944,35.75197889,41.97860963,3.495260664,3.616266174,57.94066318,59.36794582,100,6.059907834
181,201,201,2020,3.544910949,3,"European Region","LM",38.17334906,41.96210269,68.94886364,0,49.82964225,17.46485062,28.62796834,25,22.98578199,11.89898336,57.94066318,59.36794582,0,0.569793386
181,201,201,2021,4.928277731,3,"European Region","LM",38.17334906,41.96210269,31.33522727,0,49.82964225,20.16695958,27.37467018,33.02139037,13.98104265,11.51774492,57.94066318,79.68397291,40.11278195,4.216589862
183,515,515,2017,3.960564001,3,"Region of the Americas","H",100,100,99.74431818,100,100,40.33391916,70.25065963,100,63.98104265,50.17301294,100,79.68397291,53.60902256,55.06213779
183,515,515,2018,5.32007823,3,"Region of the Americas","H",100,100,69.60227273,100,55.19591141,51.09841828,78.62796834,100,63.98104265,55.24463956,100,79.68397291,53.60902256,64.15199954
183,515,515,2019,5.280944478,3,"Region of the Americas","H",100,100,69.34659091,100,48.25383305,45.73813708,38.12664908,100,47.98578199,43.09121996,100,79.68397291,53.60902256,52.88687395
183,515,515,2020,5.808189866,3,"Region of the Americas","H",100,100,99.74431818,100,48.25383305,45.73813708,38.12664908,100,63.98104265,32.18548983,100,79.68397291,53.60902256,68.49267888
183,515,515,2021,6.967785114,3,"Region of the Americas","H",100,100,100,100,100,71.52899824,59.49868074,100,63.98104265,38.93253235,100,79.68397291,76.80451128,80.85610244
185,177,177,2017,-1.518897258,3,"Region of the Americas","UM",0,0,32.10227273,0,48.25383305,10.74253076,36.87335092,50,13.98104265,17.13262477,0,0,26.61654135,16.1679055
185,177,177,2018,0.368416199,3,"Region of the Americas","UM",0,0,1.448863636,0,20.82623509,13.44463972,21.37203166,50,22.98578199,19.20083179,0,0,26.61654135,16.1679055
185,177,177,2019,0.880843097,3,"Region of the Americas","UM",0,0,1.448863636,0,20.82623509,13.44463972,21.37203166,50,22.98578199,19.20083179,0,0,26.61654135,16.1679055
185,177,177,2020,1.825872204,3,"Region of the Americas","UM",0,0,0.681818182,0,0,13.44463972,17.99050132,83.95721925,20.97156398,22.29695009,0,0,26.61654135,29.22165472
185,177,177,2021,2.652178781,3,"Region of the Americas","UM",0,0,0.681818182,0,0,13.44463972,17.99050132,83.95721925,20.97156398,16.84408503,0,0,26.61654135,28.65186134
186,448,448,2017,2.02809567,3,"Region of the Americas","UM",0,16.07579462,32.10227273,0,72.23168654,22.91300527,22.62532982,33.02139037,31.99052133,45.47134935,0,29.68397291,0,2.525324285
186,448,448,2018,3.318161565,3,"Region of the Americas","UM",0,16.07579462,32.10227273,0,72.23168654,22.91300527,22.62532982,33.02139037,31.99052133,45.47134935,0,29.68397291,0,2.525324285
186,448,448,2019,3.480827981,3,"Region of the Americas","UM",0,16.07579462,32.10227273,0,72.23168654,22.91300527,22.62532982,33.02139037,31.99052133,45.47134935,0,29.68397291,0,2.525324285
186,448,448,2020,3.719164326,3,"Region of the Americas","UM",0,16.07579462,32.10227273,0,72.23168654,22.91300527,22.62532982,33.02139037,31.99052133,40.01848429,0,29.68397291,0,1.9555309
186,448,448,2021,3.931529832,3,"Region of the Americas","UM",0,16.07579462,32.10227273,0,72.23168654,22.91300527,22.62532982,33.02139037,31.99052133,40.01848429,0,0,0,1.9555309
188,161,161,2017,0.388985088,3,"Western Pacific Region","LM",0,8.037897311,32.10227273,0,27.42759796,2.680140598,20.25065963,25,22.98578199,14.91478743,0,0,26.61654135,0.569793386
188,161,161,2018,0.752601722,3,"Western Pacific Region","LM",0,8.037897311,32.10227273,0,27.42759796,2.680140598,20.25065963,25,22.98578199,14.91478743,0,0,26.61654135,0.569793386
188,161,161,2019,1.029015347,3,"Western Pacific Region","LM",0,8.037897311,32.10227273,0,27.42759796,2.680140598,20.25065963,25,22.98578199,14.91478743,0,0,26.61654135,0.569793386
188,161,161,2020,1.188649161,3,"Western Pacific Region","LM",0,8.037897311,1.704545455,0,0,5.360281195,20.25065963,16.04278075,15.99526066,10.74371534,0,0,26.61654135,0
188,161,161,2021,1.393366486,3,"Western Pacific Region","LM",10.23466981,0,32.10227273,0,0,1.340070299,8.377308707,25,3.495260664,7.913863216,0,0,0,0
189,283,283,2017,0.018877554,3,"Western Pacific Region","LM",10.23466981,32.15158924,1.704545455,0,27.76831346,5.360281195,47.49340369,24.06417112,38.98104265,32.96007394,0,0,26.61654135,38.20083253
189,283,283,2018,0.428286633,3,"Western Pacific Region","LM",10.23466981,32.15158924,1.704545455,0,27.76831346,5.360281195,47.49340369,24.06417112,38.98104265,32.96007394,0,29.68397291,26.61654135,38.20083253
189,283,283,2019,0.510128161,3,"Western Pacific Region","LM",10.23466981,32.15158924,1.704545455,0,27.76831346,5.360281195,47.49340369,24.06417112,38.98104265,38.412939,0,29.68397291,26.61654135,38.77062591
189,283,283,2020,0.96052806,3,"Western Pacific Region","LM",10.23466981,32.15158924,1.704545455,0,27.76831346,5.360281195,47.49340369,24.06417112,38.98104265,38.412939,0,29.68397291,26.61654135,38.77062591
189,283,283,2021,1.258000888,3,"Western Pacific Region","LM",0,0,1.448863636,0,0,2.680140598,5.433245383,25,11.492891,12.59269871,0,29.68397291,26.61654135,1.436360206
190,319,319,2017,-0.794871982,3,"Eastern Mediterranean Region","L",0,0,1.704545455,0,0,8.084358524,0,0,0,0,0,0,0,10.02304147
190,319,319,2018,-0.270824327,3,"Eastern Mediterranean Region","L",0,0,1.704545455,0,0,8.084358524,0,0,0,0,0,0,0,10.02304147
190,319,319,2019,-0.488311352,3,"Eastern Mediterranean Region","L",20.77948113,32.15158924,69.20454545,0,0,16.12478032,7.124010554,0,0,8.595194085,0,20.31602709,0,10.02304147
190,319,319,2020,-0.096442747,3,"Eastern Mediterranean Region","L",10.23466981,8.037897311,0.9375,0,34.36967632,18.80492091,7.124010554,16.04278075,13.98104265,11.43743068,0,20.31602709,0,10.02304147
190,319,319,2021,1.557345778,3,"Eastern Mediterranean Region","L",20.77948113,0,1.193181818,0,0,5.360281195,0,16.04278075,7.997630332,17.61515712,0,50,53.60902256,0.488882725
191,36,36,2017,4.934109195,3,"African Region","UM",72.66627358,82.15158924,84.47443182,75.52664188,41.31175468,13.44463972,45.25065963,50,6.990521327,9.461922366,100,79.68397291,26.61654135,5.07127994
191,36,36,2018,3.319415758,3,"African Region","UM",72.66627358,74.11369193,83.96306818,75.52664188,41.31175468,16.14674868,45.25065963,50,34.47867299,44.2207024,100,79.68397291,26.61654135,15.92391169
191,36,36,2019,2.259546882,3,"African Region","UM",62.12146226,74.11369193,46.86079545,75.52664188,41.31175468,25.54920914,33.71926121,50,34.47867299,44.2207024,100,79.68397291,26.61654135,16.3571951
191,36,36,2020,3.055401525,3,"African Region","UM",82.9009434,82.15158924,53.82102273,75.52664188,41.31175468,13.42267135,38.12664908,41.97860963,11.492891,15.81534196,100,79.68397291,26.61654135,18.95760867
191,36,36,2021,3.830747768,3,"African Region","UM",72.66627358,58.03789731,46.60511364,75.52664188,56.77172061,18.84885764,31.00263852,50,6.990521327,11.00998152,100,79.68397291,26.61654135,19.81229874
