"id","ISO3","Country","Year","Value"
1,137,137,1,-1.194635997
1,137,137,2,-0.315425828
1,137,137,3,0.939082121
1,137,137,4,1.406527321
1,137,137,5,2.8252865
1,137,137,6,4.208427349
1,137,137,7,4.589179018
2,227,227,1,-1.532922803
2,227,227,2,-2.819004401
2,227,227,3,-3.954220349
2,227,227,4,-5.239282607
2,227,227,5,-5.509118905
2,227,227,6,-5.130984503
2,227,227,7,-4.679959852
3,198,198,1,3.376688605
3,198,198,2,5.810893316
3,198,198,3,5.393939578
3,198,198,4,6.85837644
3,198,198,5,7.159613541
3,198,198,6,8.761774103
3,198,198,7,9.934485615
4,466,466,1,-0.190517122
4,466,466,2,1.965885079
4,466,466,3,4.66826918
4,466,466,4,6.066823381
4,466,466,5,6.745266982
4,466,466,6,7.568780933
4,466,466,7,7.839585614
5,355,355,1,1.77594758
5,355,355,2,3.452183327
5,355,355,3,4.321609545
5,355,355,4,5.122151662
5,355,355,5,6.22823457
5,355,355,6,6.571005028
5,355,355,7,6.427558615
6,34,34,1,0.810390132
6,34,34,2,1.412227617
6,34,34,3,2.111610053
6,34,34,4,3.813466258
6,34,34,5,4.572333053
6,34,34,6,5.152394739
6,34,34,7,6.166278514
7,300,300,1,4.037501389
7,300,300,2,1.968253199
7,300,300,3,2.029469488
7,300,300,4,8.696447067
7,300,300,5,10.55596812
7,300,300,6,11.73778553
7,300,300,7,12.99393072
8,216,216,1,-2.48857918
8,216,216,2,-4.147665145
8,216,216,3,-4.004743509
8,216,216,4,-2.357937574
8,216,216,5,-1.892665639
8,216,216,6,-0.411540593
8,216,216,7,-0.218311638
9,472,472,1,2.598558658
9,472,472,2,3.529474802
9,472,472,3,4.579980687
9,472,472,4,6.047387812
9,472,472,5,6.725579336
9,472,472,6,7.144428501
9,472,472,7,7.791375115
10,272,272,1,-0.700709747
10,272,272,2,0.085348144
10,272,272,3,1.086413574
10,272,272,4,1.335098804
10,272,272,5,2.510987544
10,272,272,6,4.085150224
10,272,272,7,4.831876195
11,143,143,1,2.181798421
11,143,143,2,1.304081069
11,143,143,3,1.680547708
11,143,143,4,0.981576257
11,143,143,5,1.644666365
11,143,143,6,2.315840124
11,143,143,7,2.981531773
12,88,88,1,0.165052728
12,88,88,2,-0.206989675
12,88,88,3,0.502005783
12,88,88,4,3.16393818
12,88,88,5,3.191167507
12,88,88,6,3.199000945
12,88,88,7,3.300072622
13,80,80,1,0.552436852
13,80,80,2,1.655096973
13,80,80,3,1.928762824
13,80,80,4,2.514651825
13,80,80,5,4.175544346
13,80,80,6,4.294886387
13,80,80,7,4.839507989
14,276,276,1,-2.289957459
14,276,276,2,-4.524860701
14,276,276,3,-4.869367183
14,276,276,4,-5.535953765
14,276,276,5,-6.126475737
14,276,276,6,-6.559416029
14,276,276,7,-6.611950161
15,40,40,1,-2.70747216
15,40,40,2,-2.62738728
15,40,40,3,-4.420679039
15,40,40,4,-4.637665258
15,40,40,5,-4.446146648
15,40,40,6,-4.617511087
15,40,40,7,-5.066532457
16,331,331,1,-2.217891792
16,331,331,2,-2.00702203
16,331,331,3,-2.063402578
16,331,331,4,-0.867112446
16,331,331,5,0.311162285
16,331,331,6,-0.121623493
16,331,331,7,1.088984379
17,307,307,1,-2.275877965
17,307,307,2,-2.327047946
17,307,307,3,-2.089123876
17,307,307,4,-1.888719227
17,307,307,5,-0.828962098
17,307,307,6,-0.000889388
17,307,307,7,0.387001101
18,244,244,1,-0.311811513
18,244,244,2,0.540833938
18,244,244,3,1.201083719
18,244,244,4,1.33965478
18,244,244,5,2.126882981
18,244,244,6,2.892471572
18,244,244,7,3.849374053
19,154,154,1,-1.522722177
19,154,154,2,-1.367544875
19,154,154,3,-3.267998064
19,154,154,4,-4.697575403
19,154,154,5,-3.703779591
19,154,154,6,-4.03342131
19,154,154,7,-3.821381439
20,183,183,1,0.518149955
20,183,183,2,6.287014866
20,183,183,3,8.513936367
20,183,183,4,12.62334144
20,183,183,5,14.74874771
20,183,183,6,17.01674506
20,183,183,7,18.36000844
21,374,374,1,-2.503744611
21,374,374,2,-1.125018752
21,374,374,3,-0.788126282
21,374,374,4,-0.628856383
21,374,374,5,0.337038746
21,374,374,6,0.814629336
21,374,374,7,1.248075815
22,379,379,1,2.349934182
22,379,379,2,2.942584335
22,379,379,3,1.192465537
22,379,379,4,0.66718934
22,379,379,5,1.155781593
22,379,379,6,1.266298665
22,379,379,7,1.613367008
23,255,255,1,-0.533599986
23,255,255,2,-1.686891648
23,255,255,3,-0.855051569
23,255,255,4,-0.189001401
23,255,255,5,-0.437842202
23,255,255,6,0.210495166
23,255,255,7,0.051444184
24,538,538,1,0.833686625
24,538,538,2,1.634790352
24,538,538,3,3.018664669
24,538,538,4,4.824686866
24,538,538,5,5.259540473
24,538,538,6,5.79374368
24,538,538,7,7.200842107
25,328,328,1,0.734881239
25,328,328,2,2.220894726
25,328,328,3,2.637937964
25,328,328,4,3.801948321
25,328,328,5,4.500608198
25,328,328,6,5.358650966
25,328,328,7,6.844802693
26,484,484,1,2.171526214
26,484,484,2,1.382332445
26,484,484,3,2.128082546
26,484,484,4,2.727645097
26,484,484,5,2.104227107
26,484,484,6,1.981060478
26,484,484,7,1.592788379
27,66,66,1,-1.701442566
27,66,66,2,-1.595795659
27,66,66,3,-1.601288591
27,66,66,4,-1.175612223
27,66,66,5,-2.902669496
27,66,66,6,-1.849894298
27,66,66,7,0.057595329
28,327,327,1,-0.198895438
28,327,327,2,0.327850733
28,327,327,3,2.529158105
28,327,327,4,2.470001386
28,327,327,5,1.845868687
28,327,327,6,2.428369699
28,327,327,7,2.87870277
29,393,393,1,-3.512539641
29,393,393,2,-3.746713025
29,393,393,3,-3.348396739
29,393,393,4,-2.364748313
29,393,393,5,-2.426665807
29,393,393,6,-1.288664461
29,393,393,7,-0.772945425
30,384,384,1,-1.086885779
30,384,384,2,-1.336620728
30,384,384,3,-0.193167668
30,384,384,4,0.622118972
30,384,384,5,1.441863142
30,384,384,6,1.683854112
30,384,384,7,2.156355402
31,537,537,1,-0.981563333
31,537,537,2,-0.343048368
31,537,537,3,-0.572217482
31,537,537,4,-2.134894537
31,537,537,5,-1.960265972
31,537,537,6,-2.063998037
31,537,537,7,-1.743887421
32,144,144,1,3.618545998
32,144,144,2,4.172232983
32,144,144,3,10.82147756
32,144,144,4,8.477858152
32,144,144,5,12.30758228
32,144,144,6,13.05455597
32,144,144,7,13.29222047
33,146,146,1,7.263214441
33,146,146,2,9.721097693
33,146,146,3,12.51647266
33,146,146,4,15.07769005
33,146,146,5,19.43537865
33,146,146,6,24.16242802
33,146,146,7,26.34422865
34,322,322,1,-3.674795751
34,322,322,2,-3.427632252
34,322,322,3,-4.284278902
34,322,322,4,-4.994019553
34,322,322,5,-5.310486393
34,322,322,6,-4.775425484
34,322,322,7,-4.594326074
35,508,508,1,-1.686809
35,508,508,2,-2.440619005
35,508,508,3,-2.472605729
35,508,508,4,-2.081055154
35,508,508,5,-1.633603599
35,508,508,6,-1.347624653
35,508,508,7,-1.502693248
36,463,463,1,-3.556475237
36,463,463,2,-4.443432539
36,463,463,3,-5.012442441
36,463,463,4,-5.429673753
36,463,463,5,-6.009464835
36,463,463,6,-5.683715108
36,463,463,7,-6.65007804
37,571,571,1,-1.684041436
37,571,571,2,-2.521439593
37,571,571,3,-2.469875389
37,571,571,4,-2.706034236
37,571,571,5,-2.710285983
37,571,571,6,-1.139308629
37,571,571,7,-0.330656436
38,278,278,1,2.22729822
38,278,278,2,2.623253944
38,278,278,3,3.079332159
38,278,278,4,3.499905583
38,278,278,5,4.103396557
38,278,278,6,4.514463732
38,278,278,7,4.798058356
39,95,95,1,2.970432265
39,95,95,2,5.630890937
39,95,95,3,8.212366909
39,95,95,4,13.0879683
39,95,95,5,13.53246804
39,95,95,6,13.4295272
39,95,95,7,12.4284287
40,478,478,1,2.519227024
40,478,478,2,1.810964081
40,478,478,3,3.409077157
40,478,478,4,3.956774933
40,478,478,5,3.492372179
40,478,478,6,3.679515425
40,478,478,7,4.847713601
41,277,277,1,-1.011323717
41,277,277,2,-1.641374878
41,277,277,3,-1.782785029
41,277,277,4,-1.0790866
41,277,277,5,-1.195562811
41,277,277,6,-1.218903541
41,277,277,7,-0.824806182
42,474,474,1,-0.696371252
42,474,474,2,-0.761938639
42,474,474,3,-1.185728856
42,474,474,4,-1.616380933
42,474,474,5,-3.30404908
42,474,474,6,-2.799173127
42,474,474,7,-3.862522214
43,31,31,1,1.108997687
43,31,31,2,2.469464288
43,31,31,3,3.300471688
43,31,31,4,3.135386898
43,31,31,5,3.910080678
43,31,31,6,4.997868788
43,31,31,7,5.584402639
44,386,386,1,3.057507792
44,386,386,2,1.462026045
44,386,386,3,1.971594808
44,386,386,4,1.851881381
44,386,386,5,2.845477795
44,386,386,6,3.656651488
44,386,386,7,3.910195641
45,206,206,1,3.864165388
45,206,206,2,5.208783682
45,206,206,3,5.393261865
45,206,206,4,4.886396119
45,206,206,5,5.582316282
45,206,206,6,6.554927846
45,206,206,7,6.992134099
46,486,486,1,1.964365689
46,486,486,2,4.146691201
46,486,486,3,5.614712553
46,486,486,4,5.913622095
46,486,486,5,6.576937896
46,486,486,6,7.137896368
46,486,486,7,8.07851911
47,120,120,1,-2.885465797
47,120,120,2,-4.276913903
47,120,120,3,-3.745205708
47,120,120,4,-3.850556073
47,120,120,5,-4.412275409
47,120,120,6,-4.005298534
47,120,120,7,-3.91437522
48,45,45,1,-0.555532158
48,45,45,2,-0.036131019
48,45,45,3,0.702760601
48,45,45,4,0.892977621
48,45,45,5,1.38649047
48,45,45,6,2.77406289
48,45,45,7,2.934663249
49,583,583,1,0.247818046
49,583,583,2,-0.126921725
49,583,583,3,-0.072645525
49,583,583,4,0.199379914
49,583,583,5,-0.206609056
49,583,583,6,0.290118203
49,583,583,7,0.900591132
50,53,53,1,-3.634194347
50,53,53,2,-3.647609445
50,53,53,3,-0.721216612
50,53,53,4,1.3252398
50,53,53,5,4.079935083
50,53,53,6,5.302060515
50,53,53,7,5.904361908
51,93,93,1,1.333299459
51,93,93,2,1.652286633
51,93,93,3,1.687038647
51,93,93,4,2.427518111
51,93,93,5,2.710188876
51,93,93,6,3.22272733
51,93,93,7,3.782548174
52,321,321,1,-1.65268939
52,321,321,2,-0.131002465
52,321,321,3,2.62888161
52,321,321,4,5.704145315
52,321,321,5,7.98434238
52,321,321,6,9.593050315
52,321,321,7,10.98414586
53,173,173,1,-0.757878008
53,173,173,2,-1.590981989
53,173,173,3,-0.930977871
53,173,173,4,-1.006294063
53,173,173,5,0.050427496
53,173,173,6,1.013200024
53,173,173,7,2.513505982
54,104,104,1,-1.674898056
54,104,104,2,-1.060270881
54,104,104,3,-1.105372705
54,104,104,4,-0.71073624
54,104,104,5,-2.848980474
54,104,104,6,-2.587828499
54,104,104,7,-3.919595814
55,437,437,1,5.107854831
55,437,437,2,6.506979163
55,437,437,3,7.612051635
55,437,437,4,10.4422097
55,437,437,5,12.94851282
55,437,437,6,13.9444378
55,437,437,7,15.13649887
56,553,553,1,0.215156616
56,553,553,2,1.239959899
56,553,553,3,2.196036633
56,553,553,4,2.413392617
56,553,553,5,3.176627451
56,553,553,6,3.889168804
56,553,553,7,4.183294038
57,209,209,1,0.531054472
57,209,209,2,-0.133464738
57,209,209,3,0.026373013
57,209,209,4,-1.267045407
57,209,209,5,-2.184046126
57,209,209,6,-2.527049666
57,209,209,7,-1.727309086
58,171,171,1,2.068761033
58,171,171,2,3.069710517
58,171,171,3,3.55425764
58,171,171,4,3.411783414
58,171,171,5,4.346611138
58,171,171,6,4.593974051
58,171,171,7,5.094521005
59,357,357,1,0.983726251
59,357,357,2,1.929173986
59,357,357,3,2.867759172
59,357,357,4,1.901963147
59,357,357,5,2.335008943
59,357,357,6,2.469494938
59,357,357,7,2.742188304
60,30,30,1,1.081483147
60,30,30,2,2.24155786
60,30,30,3,2.830489462
60,30,30,4,2.622401685
60,30,30,5,3.132715918
60,30,30,6,3.11675907
60,30,30,7,3.575538733
61,373,373,1,1.046639549
61,373,373,2,1.765794839
61,373,373,3,2.56145632
61,373,373,4,2.330582621
61,373,373,5,6.180140701
61,373,373,6,6.732392952
61,373,373,7,6.216993333
62,528,528,1,-3.78407661
62,528,528,2,-3.854402034
62,528,528,3,-4.133581879
62,528,528,4,-4.477230793
62,528,528,5,-4.819127588
62,528,528,6,-5.434945893
62,528,528,7,-5.573886847
63,546,546,1,1.42992658
63,546,546,2,1.680437835
63,546,546,3,0.449992449
63,546,546,4,-0.148244347
63,546,546,5,1.344547928
63,546,546,6,3.147855082
63,546,546,7,3.541189966
64,83,83,1,-2.698436173
64,83,83,2,-1.267781891
64,83,83,3,-0.580518658
64,83,83,4,-0.371819025
64,83,83,5,1.344033077
64,83,83,6,2.87764573
64,83,83,7,4.441691573
65,354,354,1,-2.535362434
65,354,354,2,-3.153366241
65,354,354,3,-3.603364668
65,354,354,4,-3.392326385
65,354,354,5,-3.394277262
65,354,354,6,-3.201208619
65,354,354,7,-3.015994456
66,188,188,1,1.984900088
66,188,188,2,-0.385260912
66,188,188,3,-1.626258692
66,188,188,4,-2.390502082
66,188,188,5,-2.422505722
66,188,188,6,-1.840639772
66,188,188,7,-1.816789882
67,190,190,1,-2.019016364
67,190,190,2,-1.937093302
67,190,190,3,-2.144276959
67,190,190,4,-1.777238876
67,190,190,5,-2.277304983
67,190,190,6,-2.08162406
67,190,190,7,-1.870409538
68,186,186,1,-1.951414548
68,186,186,2,-2.13775788
68,186,186,3,-4.690526211
68,186,186,4,-4.998642912
68,186,186,5,-5.114289583
68,186,186,6,-4.104923744
68,186,186,7,-4.105316185
69,289,289,1,1.963249906
69,289,289,2,2.068453229
69,289,289,3,1.952952781
69,289,289,4,2.951265014
69,289,289,5,3.084745727
69,289,289,6,4.597045819
69,289,289,7,5.064197632
70,94,94,1,3.511023314
70,94,94,2,4.628535834
70,94,94,3,6.311451784
70,94,94,4,6.813388204
70,94,94,5,9.368944994
70,94,94,6,10.77539669
70,94,94,7,12.18159434
71,316,316,1,-0.636239777
71,316,316,2,-0.140617389
71,316,316,3,0.45964891
71,316,316,4,0.758568858
71,316,316,5,1.102803106
71,316,316,6,1.099973565
71,316,316,7,1.473420913
72,208,208,1,1.002681121
72,208,208,2,0.436425529
72,208,208,3,1.932935617
72,208,208,4,4.655604404
72,208,208,5,5.202794592
72,208,208,6,6.40552665
72,208,208,7,7.427584768
73,308,308,1,0.926785623
73,308,308,2,2.482696373
73,308,308,3,3.064501294
73,308,308,4,4.314983074
73,308,308,5,4.715883904
73,308,308,6,5.561245454
73,308,308,7,5.819279665
74,526,526,1,1.986893012
74,526,526,2,2.195989838
74,526,526,3,2.637515484
74,526,526,4,3.0250968
74,526,526,5,3.739526026
74,526,526,6,4.384954292
74,526,526,7,5.127743868
75,559,559,1,-0.845695296
75,559,559,2,-0.278774165
75,559,559,3,0.023255037
75,559,559,4,0.283995208
75,559,559,5,0.53051917
75,559,559,6,1.338573502
75,559,559,7,1.938252743
76,461,461,1,-3.858900512
76,461,461,2,-3.861954137
76,461,461,3,-3.180898243
76,461,461,4,-2.061266329
76,461,461,5,-2.153628414
76,461,461,6,-1.01730007
76,461,461,7,-0.590485105
77,418,418,1,-4.199472066
77,418,418,2,-3.148978504
77,418,418,3,-3.997388852
77,418,418,4,-3.836017421
77,418,418,5,-4.577673459
77,418,418,6,-2.234112157
77,418,418,7,-2.198940685
78,219,219,1,-0.97542076
78,219,219,2,-1.30405438
78,219,219,3,-2.6584472
78,219,219,4,-1.566493289
78,219,219,5,-0.614330769
78,219,219,6,0.140023671
78,219,219,7,0.896176351
79,243,243,1,6.224453447
79,243,243,2,7.786416774
79,243,243,3,6.66788521
79,243,243,4,7.529415937
79,243,243,5,8.936305233
79,243,243,6,9.12320175
79,243,243,7,11.92972638
80,228,228,1,0.12947604
80,228,228,2,-0.321736015
80,228,228,3,-1.461550671
80,228,228,4,-1.257682526
80,228,228,5,-1.314684452
80,228,228,6,-1.354488318
80,228,228,7,-1.206193843
81,181,181,1,1.065422399
81,181,181,2,2.434969541
81,181,181,3,3.124856313
81,181,181,4,2.748111434
81,181,181,5,4.558152016
81,181,181,6,5.870299818
81,181,181,7,7.76799715
82,153,153,1,-0.275033217
82,153,153,2,0.802275126
82,153,153,3,1.040115629
82,153,153,4,1.738605222
82,153,153,5,3.929822515
82,153,153,6,4.672156279
82,153,153,7,7.067263552
83,166,166,1,0.308110139
83,166,166,2,-0.110511336
83,166,166,3,0.7443891
83,166,166,4,1.892137736
83,166,166,5,1.295559891
83,166,166,6,2.276727527
83,166,166,7,2.168943403
84,128,128,1,1.53860669
84,128,128,2,2.418532201
84,128,128,3,3.607288612
84,128,128,4,6.437069853
84,128,128,5,7.137573674
84,128,128,6,7.889874445
84,128,128,7,8.433941076
85,64,64,1,3.426804542
85,64,64,2,5.224463753
85,64,64,3,7.010668203
85,64,64,4,7.861189053
85,64,64,5,9.775664774
85,64,64,6,11.41015321
85,64,64,7,12.82880892
86,468,468,1,-1.565490716
86,468,468,2,-1.592935005
86,468,468,3,-0.990415015
86,468,468,4,-1.205830555
86,468,468,5,-1.885841135
86,468,468,6,-1.561729684
86,468,468,7,-1.174220344
87,588,588,1,-3.981894843
87,588,588,2,-3.99346361
87,588,588,3,-3.263073907
87,588,588,4,-1.937118195
87,588,588,5,0.042248388
87,588,588,6,1.686897241
87,588,588,7,2.096113554
88,4,4,1,-2.476270803
88,4,4,2,-3.257538273
88,4,4,3,-3.887879913
88,4,4,4,-4.295491023
88,4,4,5,-5.313030253
88,4,4,6,-5.946754053
88,4,4,7,-6.647208943
89,502,502,1,0.32921072
89,502,502,2,-0.136774202
89,502,502,3,1.570643925
89,502,502,4,2.711942632
89,502,502,5,3.347944899
89,502,502,6,4.875483977
89,502,502,7,6.379736234
90,500,500,1,-1.140205269
90,500,500,2,-0.812332527
90,500,500,3,-0.991681585
90,500,500,4,-0.305433753
90,500,500,5,-0.026089101
90,500,500,6,0.754309512
90,500,500,7,1.223249994
91,158,158,1,1.497760303
91,158,158,2,2.290759779
91,158,158,3,2.776531895
91,158,158,4,5.58969948
91,158,158,5,6.538172736
91,158,158,6,7.961240012
91,158,158,7,8.901990838
92,197,197,1,0.872702806
92,197,197,2,1.251879312
92,197,197,3,0.611847008
92,197,197,4,1.138415854
92,197,197,5,1.67484827
92,197,197,6,2.355700276
92,197,197,7,2.789413132
93,476,476,1,2.577914736
93,476,476,2,5.505223188
93,476,476,3,5.62307166
93,476,476,4,6.068986463
93,476,476,5,6.940182505
93,476,476,6,9.017669537
93,476,476,7,10.3107711
94,178,178,1,-0.83419838
94,178,178,2,-0.241506747
94,178,178,3,1.083573947
94,178,178,4,2.042373451
94,178,178,5,2.748755155
94,178,178,6,3.551701379
94,178,178,7,4.489224333
95,584,584,1,1.067229662
95,584,584,2,1.356300466
95,584,584,3,0.884027791
95,584,584,4,0.186022985
95,584,584,5,0.66987428
95,584,584,6,1.152338885
95,584,584,7,1.384016039
96,262,262,1,-3.808638673
96,262,262,2,-3.943538725
96,262,262,3,-4.206909777
96,262,262,4,-4.89647542
96,262,262,5,-5.700321312
96,262,262,6,-4.956115454
96,262,262,7,-4.665320346
97,407,407,1,-0.508943871
97,407,407,2,-0.602952499
97,407,407,3,-0.213218107
97,407,407,4,0.537440696
97,407,407,5,0.994089508
97,407,407,6,1.27415895
97,407,407,7,1.709639832
98,554,554,1,0.011218741
98,554,554,2,-3.849616217
98,554,554,3,-1.800479314
98,554,554,4,-2.225309342
98,554,554,5,-1.926462079
98,554,554,6,-1.551364877
98,554,554,7,-1.431750424
99,544,544,1,-0.102349522
99,544,544,2,0.127401018
99,544,544,3,1.985955688
99,544,544,4,1.539012228
99,544,544,5,2.862520509
99,544,544,6,4.381540959
99,544,544,7,5.612103729
100,43,43,1,-1.09302094
100,43,43,2,-1.606422509
100,43,43,3,-1.495927818
100,43,43,4,-0.743973327
100,43,43,5,-0.500236076
100,43,43,6,-0.292667665
100,43,43,7,-0.003970344
101,438,438,1,3.501470474
101,438,438,2,4.824387678
101,438,438,3,4.964784392
101,438,438,4,5.938147676
101,438,438,5,6.788547609
101,438,438,6,8.053808203
101,438,438,7,9.759326067
102,125,125,1,0.278843899
102,125,125,2,0.938613145
102,125,125,3,1.607223982
102,125,125,4,2.018925829
102,125,125,5,2.402651285
102,125,125,6,3.904240102
102,125,125,7,4.771095418
103,411,411,1,-7.582325804
103,411,411,2,-6.767298426
103,411,411,3,-6.717784699
103,411,411,4,-5.740339392
103,411,411,5,-6.376494935
103,411,411,6,-5.863839447
103,411,411,7,-5.23318596
104,139,139,1,2.88923735
104,139,139,2,3.824711964
104,139,139,3,3.367883328
104,139,139,4,2.992144301
104,139,139,5,3.960451955
104,139,139,6,3.304293739
104,139,139,7,3.852705573
105,142,142,1,1.1094261
105,142,142,2,1.147158078
105,142,142,3,2.004793126
105,142,142,4,3.454491613
105,142,142,5,5.195593151
105,142,142,6,6.861215499
105,142,142,7,8.623217767
106,464,464,1,0.415533519
106,464,464,2,0.565239689
106,464,464,3,1.063845499
106,464,464,4,1.363742729
106,464,464,5,1.61840365
106,464,464,6,2.35027408
106,464,464,7,2.61152418
107,210,210,1,0.928598731
107,210,210,2,2.223621051
107,210,210,3,2.387428592
107,210,210,4,3.720168752
107,210,210,5,4.577861932
107,210,210,6,5.153061573
107,210,210,7,5.451573893
108,315,315,1,3.087046418
108,315,315,2,3.734870023
108,315,315,3,3.228298958
108,315,315,4,4.349692573
108,315,315,5,4.860467777
108,315,315,6,6.332090112
108,315,315,7,6.978490457
109,250,250,1,0.763789075
109,250,250,2,1.335282984
109,250,250,3,1.845110823
109,250,250,4,2.418351231
109,250,250,5,2.13778579
109,250,250,6,2.910017479
109,250,250,7,3.583789118
110,429,429,1,-0.73074346
110,429,429,2,-0.169327414
110,429,429,3,0.726799602
110,429,429,4,1.811662738
110,429,429,5,1.954187195
110,429,429,6,3.386223471
110,429,429,7,3.841942607
111,213,213,1,1.342916284
111,213,213,2,0.275466935
111,213,213,3,1.643924127
111,213,213,4,4.892958409
111,213,213,5,4.21738733
111,213,213,6,5.812202622
111,213,213,7,7.114897164
112,413,413,1,-1.272720183
112,413,413,2,-0.861747619
112,413,413,3,-0.298443285
112,413,413,4,0.241727108
112,413,413,5,-1.053338108
112,413,413,6,0.110348106
112,413,413,7,0.22246327
113,485,485,1,-0.163868701
113,485,485,2,-0.086850628
113,485,485,3,0.132329605
113,485,485,4,0.355212729
113,485,485,5,0.648245892
113,485,485,6,1.455475675
113,485,485,7,2.244479488
114,426,426,1,-2.911065836
114,426,426,2,-0.314565472
114,426,426,3,-1.848593927
114,426,426,4,0.615907958
114,426,426,5,1.670524713
114,426,426,6,1.961587507
114,426,426,7,1.168262792
115,428,428,1,3.92031249
115,428,428,2,4.89508368
115,428,428,3,5.472475751
115,428,428,4,5.161040432
115,428,428,5,6.148586262
115,428,428,6,6.598894653
115,428,428,7,6.261237623
116,274,274,1,-1.349025534
116,274,274,2,-1.86959631
116,274,274,3,-1.798815365
116,274,274,4,-0.76241316
116,274,274,5,-0.271811206
116,274,274,6,0.432014329
116,274,274,7,1.215939703
117,25,25,1,-0.830185348
117,25,25,2,1.031127125
117,25,25,3,1.056459568
117,25,25,4,1.31006417
117,25,25,5,1.498006413
117,25,25,6,2.536592766
117,25,25,7,3.308919408
118,460,460,1,-4.525514203
118,460,460,2,-1.711138436
118,460,460,3,0.449512402
118,460,460,4,-0.178695331
118,460,460,5,-2.408407363
118,460,460,6,-1.479264936
118,460,460,7,-0.097718668
119,540,540,1,-2.510662286
119,540,540,2,-3.352523637
119,540,540,3,-3.592645759
119,540,540,4,-3.62982167
119,540,540,5,-3.882986231
119,540,540,6,-4.093452143
119,540,540,7,-3.779238624
120,97,97,1,-3.682234448
120,97,97,2,-4.156450095
120,97,97,3,-4.156839492
120,97,97,4,-3.797620449
120,97,97,5,-3.949830845
120,97,97,6,-3.561725612
120,97,97,7,-2.987591789
121,145,145,1,0.308718685
121,145,145,2,0.695158994
121,145,145,3,1.371656783
121,145,145,4,1.950000181
121,145,145,5,2.57692948
121,145,145,6,4.365341609
121,145,145,7,4.495007848
122,81,81,1,-2.187846287
122,81,81,2,-3.559937066
122,81,81,3,-2.896308174
122,81,81,4,-4.361357802
122,81,81,5,-3.66481544
122,81,81,6,-2.998288479
122,81,81,7,-2.507219437
123,542,542,1,5.362987989
123,542,542,2,5.683021297
123,542,542,3,4.725335695
123,542,542,4,5.444700432
123,542,542,5,6.64900711
123,542,542,6,8.182919448
123,542,542,7,9.686164466
124,295,295,1,-0.688541306
124,295,295,2,-0.564117134
124,295,295,3,-0.612512102
124,295,295,4,-0.87660736
124,295,295,5,-0.947263627
124,295,295,6,-0.507804015
124,295,295,7,-0.258979983
125,494,494,1,-1.951533886
125,494,494,2,-2.257094921
125,494,494,3,-2.152655337
125,494,494,4,-2.121350033
125,494,494,5,-1.747492468
125,494,494,6,-1.684628184
125,494,494,7,-1.181010059
126,436,436,1,-4.875542898
126,436,436,2,-7.073792471
126,436,436,3,-8.537813864
126,436,436,4,-9.783726697
126,436,436,5,-10.21495149
126,436,436,6,-10.32845273
126,436,436,7,-10.24811599
127,552,552,1,-2.229372475
127,552,552,2,-1.926898652
127,552,552,3,-3.197961779
127,552,552,4,-3.778057397
127,552,552,5,-3.516367644
127,552,552,6,-3.279759631
127,552,552,7,-3.053491908
128,199,199,1,-1.582458215
128,199,199,2,-1.466214478
128,199,199,3,-0.951911471
128,199,199,4,-0.652550494
128,199,199,5,-0.444351537
128,199,199,6,-0.37417276
128,199,199,7,0.003000477
129,452,452,1,-0.282362394
129,452,452,2,-0.045725343
129,452,452,3,-0.355286722
129,452,452,4,-2.02604326
129,452,452,5,-2.535034219
129,452,452,6,-2.187134428
129,452,452,7,-1.291809147
130,223,223,1,-0.469482041
130,223,223,2,0.706791788
130,223,223,3,2.301130277
130,223,223,4,5.158564656
130,223,223,5,6.039289145
130,223,223,6,6.291196674
130,223,223,7,6.203051893
131,132,132,1,0.13642827
131,132,132,2,0.499193943
131,132,132,3,1.716968537
131,132,132,4,1.49713064
131,132,132,5,1.362726094
131,132,132,6,1.771939317
131,132,132,7,1.94182095
132,366,366,1,1.083124484
132,366,366,2,1.244694069
132,366,366,3,1.806994973
132,366,366,4,2.102562138
132,366,366,5,2.357990732
132,366,366,6,2.573194597
132,366,366,7,2.162547181
133,140,140,1,-3.645269281
133,140,140,2,-3.825324144
133,140,140,3,-4.434911486
133,140,140,4,-2.867925459
133,140,140,5,-2.993534511
133,140,140,6,-3.050038304
133,140,140,7,-5.012216406
134,483,483,1,-2.852312133
134,483,483,2,-2.749867683
134,483,483,3,-0.773758553
134,483,483,4,-0.545624113
134,483,483,5,0.821345157
134,483,483,6,1.686437897
134,483,483,7,2.500008647
135,587,587,1,8.760656066
135,587,587,2,8.706372725
135,587,587,3,8.485539595
135,587,587,4,8.522737024
135,587,587,5,7.137395884
135,587,587,6,5.759633353
135,587,587,7,5.144745203
136,521,521,1,-2.885639278
136,521,521,2,-1.038878269
136,521,521,3,0.96796711
136,521,521,4,2.258368479
136,521,521,5,3.088250228
136,521,521,6,4.745873627
136,521,521,7,6.950879566
137,187,187,1,0.732404701
137,187,187,2,2.252420165
137,187,187,3,3.908014649
137,187,187,4,5.028431003
137,187,187,5,5.505099717
137,187,187,6,6.554908871
137,187,187,7,6.755724915
138,444,444,1,0.788094805
138,444,444,2,0.040564482
138,444,444,3,-0.434967672
138,444,444,4,0.084843415
138,444,444,5,0.091546461
138,444,444,6,1.581951908
138,444,444,7,1.291395754
139,298,298,1,-1.683918087
139,298,298,2,-2.553466372
139,298,298,3,-2.530374687
139,298,298,4,-3.008596682
139,298,298,5,-2.451796786
139,298,298,6,-2.373028071
139,298,298,7,-2.654903826
140,491,491,1,-1.804440162
140,491,491,2,-4.089112285
140,491,491,3,-4.830399129
140,491,491,4,-4.974696532
140,491,491,5,-3.091813396
140,491,491,6,-2.87291963
140,491,491,7,-3.786811013
141,121,121,1,-0.001689056
141,121,121,2,1.089192439
141,121,121,3,0.648912405
141,121,121,4,-0.47595908
141,121,121,5,-0.481616715
141,121,121,6,1.429777301
141,121,121,7,1.771462376
142,57,57,1,3.217438564
142,57,57,2,3.74284726
142,57,57,3,5.435135696
142,57,57,4,9.098700292
142,57,57,5,15.76339243
142,57,57,6,18.08815376
142,57,57,7,18.9417267
143,430,430,1,-0.884009462
143,430,430,2,-1.55148522
143,430,430,3,-1.275393529
143,430,430,4,-0.220658687
143,430,430,5,1.643530814
143,430,430,6,2.037451026
143,430,430,7,3.032667057
144,236,236,1,-2.400207458
144,236,236,2,-4.537551715
144,236,236,3,-2.744683021
144,236,236,4,-3.145775277
144,236,236,5,-2.157934373
144,236,236,6,-1.239392309
144,236,236,7,-0.293437005
145,427,427,1,3.935799997
145,427,427,2,4.463767217
145,427,427,3,4.445568626
145,427,427,4,5.965807966
145,427,427,5,5.185064725
145,427,427,6,5.875544545
145,427,427,7,6.068141874
146,533,533,1,1.018654686
146,533,533,2,6.490460867
146,533,533,3,8.322710748
146,533,533,4,7.085439419
146,533,533,5,2.93403532
146,533,533,6,3.578655231
146,533,533,7,4.625372242
147,260,260,1,-0.407483552
147,260,260,2,-1.45963873
147,260,260,3,-4.603522738
147,260,260,4,-5.266953656
147,260,260,5,-5.147833134
147,260,260,6,-2.139543471
147,260,260,7,-1.651467949
148,593,593,1,-2.099078249
148,593,593,2,-1.706089038
148,593,593,3,-0.748368246
148,593,593,4,-0.701394715
148,593,593,5,-0.646196843
148,593,593,6,-0.055275492
148,593,593,7,0.14704019
149,332,332,1,-2.357683338
149,332,332,2,-1.635138079
149,332,332,3,-0.1085961
149,332,332,4,1.689986769
149,332,332,5,3.053668768
149,332,332,6,3.904428717
149,332,332,7,5.441778106
150,530,530,1,-4.274402052
150,530,530,2,-2.703135592
150,530,530,3,0.489499058
150,530,530,4,1.377043158
150,530,530,5,1.872508458
150,530,530,6,3.369152108
150,530,530,7,4.476160878
151,67,67,1,-3.036077324
151,67,67,2,-3.484762359
151,67,67,3,-3.317039675
151,67,67,4,-3.127913021
151,67,67,5,-2.810510956
151,67,67,6,-1.456752312
151,67,67,7,-0.667351928
152,504,504,1,1.609525275
152,504,504,2,4.523740193
152,504,504,3,5.811300921
152,504,504,4,6.374919089
152,504,504,5,6.798829187
152,504,504,6,7.298425055
152,504,504,7,7.310859093
153,590,590,1,-0.762684148
153,590,590,2,-1.822979352
153,590,590,3,-1.507298137
153,590,590,4,-1.362763281
153,590,590,5,-1.073362656
153,590,590,6,-1.20450106
153,590,590,7,-1.104002485
154,89,89,1,3.8654962
154,89,89,2,1.603887099
154,89,89,3,-0.577499891
154,89,89,4,-0.526739232
154,89,89,5,-0.465467503
154,89,89,6,-0.225842114
154,89,89,7,0.585989055
155,39,39,1,1.520101581
155,39,39,2,1.013898862
155,39,39,3,1.114320844
155,39,39,4,1.181157225
155,39,39,5,1.970074886
155,39,39,6,3.797885628
155,39,39,7,5.485669799
156,159,159,1,3.742826941
156,159,159,2,5.110162706
156,159,159,3,6.640085601
156,159,159,4,7.911405096
156,159,159,5,8.895002051
156,159,159,6,12.34845987
156,159,159,7,11.61440885
157,55,55,1,0.489471453
157,55,55,2,2.570355915
157,55,55,3,1.355623008
157,55,55,4,1.64399052
157,55,55,5,0.810441572
157,55,55,6,1.211120415
157,55,55,7,1.488213337
158,470,470,1,-0.692610142
158,470,470,2,0.011705616
158,470,470,3,0.150424883
158,470,470,4,1.248283341
158,470,470,5,1.922554059
158,470,470,6,2.782474276
158,470,470,7,3.545216134
159,324,324,1,-0.169605912
159,324,324,2,2.599643044
159,324,324,3,2.58701183
159,324,324,4,2.220010976
159,324,324,5,1.872434872
159,324,324,6,2.080590738
159,324,324,7,2.030488894
160,435,435,1,-0.539911149
160,435,435,2,-0.844010856
160,435,435,3,-1.039393302
160,435,435,4,-0.669343618
160,435,435,5,-1.284194895
160,435,435,6,-1.406197551
160,435,435,7,-1.241546548
161,424,424,1,0.205424844
161,424,424,2,0.592336094
161,424,424,3,1.059242614
161,424,424,4,1.170614743
161,424,424,5,1.611856403
161,424,424,6,2.653542743
161,424,424,7,3.501248673
162,114,114,1,-3.462411822
162,114,114,2,-2.354168279
162,114,114,3,-0.687994557
162,114,114,4,0.425573145
162,114,114,5,3.538634047
162,114,114,6,5.078932089
162,114,114,7,6.354399391
163,59,59,1,-1.877808903
163,59,59,2,-2.26923692
163,59,59,3,-1.430561648
163,59,59,4,0.423610175
163,59,59,5,2.175845518
163,59,59,6,2.2645003
163,59,59,7,1.398704083
164,453,453,1,-0.130482201
164,453,453,2,0.994193512
164,453,453,3,2.014292754
164,453,453,4,2.023567897
164,453,453,5,2.35141544
164,453,453,6,2.286069712
164,453,453,7,2.828450585
165,420,420,1,1.230328026
165,420,420,2,2.252224965
165,420,420,3,4.309137364
165,420,420,4,5.319681993
165,420,420,5,6.185382491
165,420,420,6,7.07800553
165,420,420,7,8.561896109
166,254,254,1,-0.837875884
166,254,254,2,-0.718517313
166,254,254,3,-1.413804141
166,254,254,4,-2.83806569
166,254,254,5,-4.444770439
166,254,254,6,-3.295046207
166,254,254,7,-3.091547746
167,574,574,1,1.645375384
167,574,574,2,2.076217467
167,574,574,3,2.6611238
167,574,574,4,1.786096563
167,574,574,5,2.314531276
167,574,574,6,3.162043049
167,574,574,7,3.777196202
168,37,37,1,1.487847611
168,37,37,2,1.568855726
168,37,37,3,1.80605913
168,37,37,4,2.028046505
168,37,37,5,2.682786309
168,37,37,6,3.213740984
168,37,37,7,3.803415298
169,185,185,1,-3.623365067
169,185,185,2,-5.578774356
169,185,185,3,-5.907841226
169,185,185,4,-5.521542116
169,185,185,5,-5.782641416
169,185,185,6,-5.692866535
169,185,185,7,-5.536393215
170,501,501,1,2.351308846
170,501,501,2,3.583890282
170,501,501,3,5.452532498
170,501,501,4,6.265168704
170,501,501,5,5.657201451
170,501,501,6,6.463239017
170,501,501,7,7.343298873
171,575,575,1,0.067778789
171,575,575,2,-0.133495038
171,575,575,3,0.549801115
171,575,575,4,0.901068477
171,575,575,5,1.40742734
171,575,575,6,2.000671513
171,575,575,7,3.405461636
172,367,367,1,2.333679896
172,367,367,2,2.697504957
172,367,367,3,3.432341367
172,367,367,4,2.732929867
172,367,367,5,2.617562157
172,367,367,6,2.399775618
172,367,367,7,2.901277188
173,469,469,1,-0.84416491
173,469,469,2,-1.880249539
173,469,469,3,-2.871897458
173,469,469,4,-2.801270247
173,469,469,5,-2.724658996
173,469,469,6,-2.880028565
173,469,469,7,-3.425744974
174,568,568,1,1.832053614
174,568,568,2,2.432671494
174,568,568,3,2.374202155
174,568,568,4,3.356912666
174,568,568,5,4.647507516
174,568,568,6,5.523946657
174,568,568,7,6.053206398
175,119,119,1,0.413706601
175,119,119,2,0.702361172
175,119,119,3,0.417714412
175,119,119,4,1.495184813
175,119,119,5,2.137731164
175,119,119,6,2.733053484
175,119,119,7,4.124727855
176,47,47,1,-0.563471231
176,47,47,2,0.263808525
176,47,47,3,1.25680567
176,47,47,4,2.719998625
176,47,47,5,4.973405701
176,47,47,6,6.195049056
176,47,47,7,7.718644972
177,346,346,1,-2.657754288
177,346,346,2,-1.880351447
177,346,346,3,-0.212069275
177,346,346,4,0.419703087
177,346,346,5,1.304170488
177,346,346,6,2.48126007
177,346,346,7,3.095968442
178,69,69,1,-1.12934626
178,69,69,2,-0.117947361
178,69,69,3,-0.405135902
178,69,69,4,-0.194253294
178,69,69,5,-0.339614625
178,69,69,6,1.308558954
178,69,69,7,1.266052392
179,111,111,1,-1.915065354
179,111,111,2,-0.861636472
179,111,111,3,0.502022341
179,111,111,4,0.057451803
179,111,111,5,-0.757452684
179,111,111,6,-0.488190972
179,111,111,7,-0.287414059
180,79,79,1,-0.05429708
180,79,79,2,1.685134659
180,79,79,3,2.827635238
180,79,79,4,3.135779836
180,79,79,5,3.116266655
180,79,79,6,3.480685494
180,79,79,7,3.705343673
181,23,23,1,1.80777566
181,23,23,2,2.291629662
181,23,23,3,2.854216144
181,23,23,4,2.485726105
181,23,23,5,2.381491287
181,23,23,6,3.544910949
181,23,23,7,4.928277731
182,82,82,1,-4.998005796
182,82,82,2,-4.40150985
182,82,82,3,-5.612856964
182,82,82,4,-5.958179187
182,82,82,5,-4.431929471
182,82,82,6,-4.485400575
182,82,82,7,-4.836916809
183,44,44,1,0.264207045
183,44,44,2,2.078250983
183,44,44,3,3.960564001
183,44,44,4,5.32007823
183,44,44,5,5.280944478
183,44,44,6,5.808189866
183,44,44,7,6.967785114
184,525,525,1,0.826939621
184,525,525,2,2.682837628
184,525,525,3,5.590049505
184,525,525,4,5.923820472
184,525,525,5,5.649394589
184,525,525,6,7.353314886
184,525,525,7,7.724675673
185,523,523,1,-1.463950253
185,523,523,2,-0.928831465
185,523,523,3,-1.518897258
185,523,523,4,0.368416199
185,523,523,5,0.880843097
185,523,523,6,1.825872204
185,523,523,7,2.652178781
186,378,378,1,1.492364539
186,378,378,2,2.158269294
186,378,378,3,2.02809567
186,378,378,4,3.318161565
186,378,378,5,3.480827981
186,378,378,6,3.719164326
186,378,378,7,3.931529832
187,5,5,1,-5.471792188
187,5,5,2,-5.461671084
187,5,5,3,-5.405186399
187,5,5,4,-4.701576395
187,5,5,5,-2.273152731
187,5,5,6,-1.523407306
187,5,5,7,-0.835257542
188,309,309,1,-0.140726351
188,309,309,2,-0.140938857
188,309,309,3,0.388985088
188,309,309,4,0.752601722
188,309,309,5,1.029015347
188,309,309,6,1.188649161
188,309,309,7,1.393366486
189,265,265,1,-0.864333883
189,265,265,2,-1.248089154
189,265,265,3,0.018877554
189,265,265,4,0.428286633
189,265,265,5,0.510128161
189,265,265,6,0.96052806
189,265,265,7,1.258000888
190,455,455,1,-1.325683302
190,455,455,2,-0.894048517
190,455,455,3,-0.794871982
190,455,455,4,-0.270824327
190,455,455,5,-0.488311352
190,455,455,6,-0.096442747
190,455,455,7,1.557345778
191,193,193,1,1.361442339
191,193,193,2,3.482569202
191,193,193,3,4.934109195
191,193,193,4,3.319415758
191,193,193,5,2.259546882
191,193,193,6,3.055401525
191,193,193,7,3.830747768
192,266,266,1,-1.325716674
192,266,266,2,-1.266446498
192,266,266,3,-1.206808033
192,266,266,4,-1.869972057
192,266,266,5,-0.932300251
192,266,266,6,-0.023080796
192,266,266,7,0.54639533
193,558,558,1,-5.069127855
193,558,558,2,-5.328451528
193,558,558,3,-6.3401877
193,558,558,4,-5.878721242
193,558,558,5,-6.393182295
193,558,558,6,-5.560905807
193,558,558,7,-5.924169959
